target_pressure,timestep,time_lj,msd_actual,msd_einstein_model,in_fit_window
0.1,0,0.0,1.20853490679859e-29,0.0,0
0.1,100,0.5,1.39855907810965,15.260661882625469,0
0.1,200,1.0,5.22248696738363,30.521323765250937,0
0.1,300,1.5,11.0600615809039,45.781985647876404,0
0.1,400,2.0,18.4731689900046,61.042647530501874,0
0.1,500,2.5,27.1508606301989,76.30330941312734,0
0.1,600,3.0,36.8528557437267,91.56397129575281,0
0.1,700,3.5,47.4741165856877,106.82463317837828,0
0.1,800,4.0,59.3404223820035,122.08529506100375,0
0.1,900,4.5,72.6023490896116,137.3459569436292,0
0.1,1000,5.0,86.3628962566521,152.60661882625467,0
0.1,1100,5.5,100.844103183642,167.86728070888014,0
0.1,1200,6.0,115.245214281512,183.12794259150562,0
0.1,1300,6.5,129.844850360637,198.38860447413109,0
0.1,1400,7.0,144.671854519001,213.64926635675656,0
0.1,1500,7.5,159.694855385461,228.90992823938203,0
0.1,1600,8.0,175.301592011617,244.1705901220075,0
0.1,1700,8.5,190.80072063198,259.43125200463294,0
0.1,1800,9.0,206.132516983455,274.6919138872584,0
0.1,1900,9.5,221.548636525529,289.9525757698839,0
0.1,2000,10.0,236.99757199458,305.21323765250935,0
0.1,2100,10.5,252.645374170423,320.4738995351348,0
0.1,2200,11.0,268.193513988351,335.7345614177603,0
0.1,2300,11.5,284.447262650347,350.99522330038576,0
0.1,2400,12.0,300.345495038761,366.25588518301123,0
0.1,2500,12.5,316.393449139095,381.5165470656367,0
0.1,2600,13.0,332.303054057429,396.77720894826217,0
0.1,2700,13.5,349.233387573297,412.03787083088764,0
0.1,2800,14.0,367.197004657734,427.2985327135131,0
0.1,2900,14.5,384.19248526835,442.5591945961386,0
0.1,3000,15.0,400.157828054522,457.81985647876405,0
0.1,3100,15.5,416.898776144683,473.0805183613895,0
0.1,3200,16.0,432.554389548144,488.341180244015,0
0.1,3300,16.5,447.88522105963,503.60184212664046,0
0.1,3400,17.0,463.210742945491,518.8625040092659,0
0.1,3500,17.5,478.892905387509,534.1231658918914,0
0.1,3600,18.0,493.670652886095,549.3838277745168,0
0.1,3700,18.5,508.056423311432,564.6444896571423,0
0.1,3800,19.0,522.986987539383,579.9051515397678,0
0.1,3900,19.5,538.303698241268,595.1658134223933,0
0.1,4000,20.0,553.995930224606,610.4264753050187,0
0.1,4100,20.5,569.992503101925,625.6871371876442,0
0.1,4200,21.0,585.14307128844,640.9477990702696,0
0.1,4300,21.5,599.948869528626,656.2084609528952,0
0.1,4400,22.0,615.412881530398,671.4691228355206,0
0.1,4500,22.5,630.709370798028,686.7297847181461,0
0.1,4600,23.0,647.283575292396,701.9904466007715,0
0.1,4700,23.5,663.467919755225,717.251108483397,0
0.1,4800,24.0,679.032216431745,732.5117703660225,0
0.1,4900,24.5,694.919991211363,747.772432248648,0
0.1,5000,25.0,710.275027321907,763.0330941312734,0
0.1,5100,25.5,724.921288915927,778.2937560138989,0
0.1,5200,26.0,739.448853415002,793.5544178965243,0
0.1,5300,26.5,755.822083450183,808.8150797791499,0
0.1,5400,27.0,773.048326846027,824.0757416617753,0
0.1,5500,27.5,790.392832687939,839.3364035444008,0
0.1,5600,28.0,806.878116776997,854.5970654270262,0
0.1,5700,28.5,822.507494685321,869.8577273096518,0
0.1,5800,29.0,838.392367894517,885.1183891922772,0
0.1,5900,29.5,854.256537500965,900.3790510749027,0
0.1,6000,30.0,870.526582613868,915.6397129575281,0
0.1,6100,30.5,885.638943680552,930.9003748401536,0
0.1,6200,31.0,900.88065640154,946.161036722779,0
0.1,6300,31.5,917.149619808939,961.4216986054046,0
0.1,6400,32.0,933.228460726024,976.68236048803,0
0.1,6500,32.5,947.713592304856,991.9430223706554,0
0.1,6600,33.0,960.186645074436,1007.2036842532809,0
0.1,6700,33.5,972.832639980394,1022.4643461359063,0
0.1,6800,34.0,985.887756030326,1037.7250080185318,0
0.1,6900,34.5,996.711260841466,1052.9856699011573,0
0.1,7000,35.0,1008.36768926522,1068.2463317837828,0
0.1,7100,35.5,1021.41461469295,1083.5069936664083,0
0.1,7200,36.0,1033.87187819998,1098.7676555490336,0
0.1,7300,36.5,1045.04749296778,1114.0283174316592,0
0.1,7400,37.0,1057.85704441731,1129.2889793142847,0
0.1,7500,37.5,1071.98229047282,1144.5496411969102,0
0.1,7600,38.0,1085.61612872636,1159.8103030795355,0
0.1,7700,38.5,1098.62756933886,1175.070964962161,0
0.1,7800,39.0,1112.36644567557,1190.3316268447866,0
0.1,7900,39.5,1126.35226051542,1205.592288727412,0
0.1,8000,40.0,1142.23316409772,1220.8529506100374,0
0.1,8100,40.5,1157.0701043164,1236.113612492663,0
0.1,8200,41.0,1168.77026293491,1251.3742743752885,0
0.1,8300,41.5,1181.89224386973,1266.634936257914,0
0.1,8400,42.0,1194.64560423542,1281.8955981405393,0
0.1,8500,42.5,1207.64484383387,1297.1562600231648,0
0.1,8600,43.0,1219.5434621794,1312.4169219057903,0
0.1,8700,43.5,1232.55382497711,1327.6775837884159,0
0.1,8800,44.0,1246.21696224162,1342.9382456710412,0
0.1,8900,44.5,1258.31706100769,1358.1989075536667,0
0.1,9000,45.0,1269.86258539922,1373.4595694362922,0
0.1,9100,45.5,1281.56032544114,1388.7202313189177,0
0.1,9200,46.0,1294.52195435242,1403.980893201543,0
0.1,9300,46.5,1305.54303316621,1419.2415550841686,0
0.1,9400,47.0,1316.45176514588,1434.502216966794,0
0.1,9500,47.5,1328.8934155197,1449.7628788494196,0
0.1,9600,48.0,1342.41223812825,1465.023540732045,0
0.1,9700,48.5,1357.53490887455,1480.2842026146704,0
0.1,9800,49.0,1373.68250278478,1495.544864497296,0
0.1,9900,49.5,1389.56347081255,1510.8055263799213,0
0.1,10000,50.0,1406.07529968706,1526.0661882625468,0
0.1,10100,50.5,1422.0384789623,1541.3268501451723,0
0.1,10200,51.0,1438.60779818067,1556.5875120277979,0
0.1,10300,51.5,1454.39706645964,1571.8481739104232,0
0.1,10400,52.0,1470.93336280856,1587.1088357930487,0
0.1,10500,52.5,1487.04741742115,1602.3694976756742,0
0.1,10600,53.0,1502.94945792916,1617.6301595582997,0
0.1,10700,53.5,1517.41772007168,1632.890821440925,0
0.1,10800,54.0,1530.65018965259,1648.1514833235506,0
0.1,10900,54.5,1545.77128173934,1663.412145206176,0
0.1,11000,55.0,1561.12110499223,1678.6728070888016,0
0.1,11100,55.5,1577.98906842965,1693.933468971427,0
0.1,11200,56.0,1595.83044708653,1709.1941308540524,0
0.1,11300,56.5,1613.39865886009,1724.454792736678,0
0.1,11400,57.0,1630.02979576268,1739.7154546193035,0
0.1,11500,57.5,1644.97090338877,1754.9761165019288,0
0.1,11600,58.0,1659.50458299337,1770.2367783845543,0
0.1,11700,58.5,1674.81948133347,1785.4974402671799,0
0.1,11800,59.0,1688.59960332377,1800.7581021498054,0
0.1,11900,59.5,1701.79367843221,1816.0187640324307,0
0.1,12000,60.0,1713.71458990356,1831.2794259150562,0
0.1,12100,60.5,1726.34612213803,1846.5400877976817,0
0.1,12200,61.0,1738.92388584153,1861.8007496803073,0
0.1,12300,61.5,1750.42888720954,1877.0614115629326,0
0.1,12400,62.0,1762.61941266098,1892.322073445558,0
0.1,12500,62.5,1776.50150752744,1907.5827353281836,0
0.1,12600,63.0,1792.06273994369,1922.8433972108091,0
0.1,12700,63.5,1807.44394826995,1938.1040590934344,0
0.1,12800,64.0,1821.85024996155,1953.36472097606,0
0.1,12900,64.5,1835.89909078283,1968.6253828586855,0
0.1,13000,65.0,1849.36674670719,1983.8860447413108,0
0.1,13100,65.5,1863.91672488284,1999.1467066239363,0
0.1,13200,66.0,1880.41425090429,2014.4073685065619,0
0.1,13300,66.5,1898.13075602724,2029.6680303891874,0
0.1,13400,67.0,1918.90835677278,2044.9286922718127,0
0.1,13500,67.5,1943.0783960153,2060.189354154438,0
0.1,13600,68.0,1967.56101773113,2075.4500160370635,0
0.1,13700,68.5,1987.85531245617,2090.7106779196893,0
0.1,13800,69.0,2006.3025525376,2105.9713398023146,0
0.1,13900,69.5,2024.82820704424,2121.2320016849403,0
0.1,14000,70.0,2044.87499372577,2136.4926635675656,0
0.1,14100,70.5,2063.55512240555,2151.753325450191,0
0.1,14200,71.0,2078.78911299587,2167.0139873328167,0
0.1,14300,71.5,2093.14327747802,2182.274649215442,0
0.1,14400,72.0,2107.00191804203,2197.5353110980673,0
0.1,14500,72.5,2121.72321508809,2212.795972980693,0
0.1,14600,73.0,2135.0995622369,2228.0566348633183,0
0.1,14700,73.5,2147.91104098663,2243.317296745944,0
0.1,14800,74.0,2162.97839497067,2258.5779586285694,0
0.1,14900,74.5,2179.74413542907,2273.8386205111947,0
0.1,15000,75.0,2196.24760187508,2289.0992823938204,0
0.1,15100,75.5,2211.3144663536,2304.3599442764457,0
0.1,15200,76.0,2227.91386320392,2319.620606159071,0
0.1,15300,76.5,2246.47612827327,2334.881268041697,0
0.1,15400,77.0,2264.52462771583,2350.141929924322,0
0.1,15500,77.5,2281.28822163196,2365.402591806948,0
0.1,15600,78.0,2298.13884623527,2380.663253689573,0
0.1,15700,78.5,2312.98936093582,2395.9239155721984,0
0.1,15800,79.0,2327.52987642636,2411.184577454824,0
0.1,15900,79.5,2341.33134130435,2426.4452393374495,0
0.1,16000,80.0,2352.25923702677,2441.705901220075,0
0.1,16100,80.5,2364.24399973858,2456.9665631027005,0
0.1,16200,81.0,2374.67541574561,2472.227224985326,0
0.1,16300,81.5,2384.16777526936,2487.487886867951,0
0.1,16400,82.0,2394.41627747719,2502.748548750577,0
0.1,16500,82.5,2403.78048120579,2518.009210633202,0
0.1,16600,83.0,2412.60967465642,2533.269872515828,0
0.1,16700,83.5,2422.49356037619,2548.5305343984533,0
0.1,16800,84.0,2433.04080738215,2563.7911962810786,0
0.1,16900,84.5,2446.12563193274,2579.0518581637043,0
0.1,17000,85.0,2458.96802268753,2594.3125200463296,0
0.1,17100,85.5,2472.35334059312,2609.573181928955,0
0.1,17200,86.0,2487.66875135169,2624.8338438115807,0
0.1,17300,86.5,2502.2883026726,2640.094505694206,0
0.1,17400,87.0,2516.55604812954,2655.3551675768317,0
0.1,17500,87.5,2531.85310479094,2670.615829459457,0
0.1,17600,88.0,2546.23901252486,2685.8764913420823,0
0.1,17700,88.5,2558.99415194532,2701.137153224708,0
0.1,17800,89.0,2570.19004480981,2716.3978151073334,0
0.1,17900,89.5,2584.4215239142,2731.6584769899587,0
0.1,18000,90.0,2600.49591660653,2746.9191388725844,0
0.1,18100,90.5,2618.98632156973,2762.1798007552097,0
0.1,18200,91.0,2640.36954562701,2777.4404626378355,0
0.1,18300,91.5,2661.21835603551,2792.701124520461,0
0.1,18400,92.0,2679.55458570796,2807.961786403086,0
0.1,18500,92.5,2696.31391545267,2823.222448285712,0
0.1,18600,93.0,2712.56961802711,2838.483110168337,0
0.1,18700,93.5,2730.38225611603,2853.7437720509624,0
0.1,18800,94.0,2749.501948121,2869.004433933588,0
0.1,18900,94.5,2769.3252336054,2884.2650958162135,0
0.1,19000,95.0,2788.06108342707,2899.5257576988392,0
0.1,19100,95.5,2804.49978897398,2914.7864195814645,0
0.1,19200,96.0,2820.01117873099,2930.04708146409,0
0.1,19300,96.5,2837.29817242804,2945.3077433467156,0
0.1,19400,97.0,2856.04473552928,2960.568405229341,0
0.1,19500,97.5,2873.34173703294,2975.829067111966,0
0.1,19600,98.0,2891.14527440612,2991.089728994592,0
0.1,19700,98.5,2911.30306740985,3006.3503908772173,0
0.1,19800,99.0,2931.98317854511,3021.6110527598426,0
0.1,19900,99.5,2953.85933705001,3036.8717146424683,0
0.1,20000,100.0,2976.37690420067,3052.1323765250936,1
0.1,20100,100.5,2996.64403817796,3067.3930384077194,1
0.1,20200,101.0,3014.42700687021,3082.6537002903447,1
0.1,20300,101.5,3030.89530621718,3097.91436217297,1
0.1,20400,102.0,3047.95634493449,3113.1750240555957,1
0.1,20500,102.5,3065.72808336404,3128.435685938221,1
0.1,20600,103.0,3081.48961299921,3143.6963478208463,1
0.1,20700,103.5,3098.38352972207,3158.957009703472,1
0.1,20800,104.0,3116.65060785993,3174.2176715860974,1
0.1,20900,104.5,3134.87199331404,3189.478333468723,1
0.1,21000,105.0,3154.03915823428,3204.7389953513484,1
0.1,21100,105.5,3174.37533393403,3219.9996572339737,1
0.1,21200,106.0,3193.61342761114,3235.2603191165995,1
0.1,21300,106.5,3211.50317661928,3250.520980999225,1
0.1,21400,107.0,3230.30522246244,3265.78164288185,1
0.1,21500,107.5,3248.08850069178,3281.042304764476,1
0.1,21600,108.0,3267.86365508391,3296.302966647101,1
0.1,21700,108.5,3289.25570734978,3311.563628529727,1
0.1,21800,109.0,3310.55489596616,3326.824290412352,1
0.1,21900,109.5,3335.09202491193,3342.0849522949775,1
0.1,22000,110.0,3358.45679604883,3357.3456141776032,1
0.1,22100,110.5,3380.67532517118,3372.6062760602285,1
0.1,22200,111.0,3406.04740217071,3387.866937942854,1
0.1,22300,111.5,3433.11452997062,3403.1275998254796,1
0.1,22400,112.0,3458.15498108884,3418.388261708105,1
0.1,22500,112.5,3484.46470870225,3433.64892359073,1
0.1,22600,113.0,3509.64393082694,3448.909585473356,1
0.1,22700,113.5,3532.52542105242,3464.1702473559812,1
0.1,22800,114.0,3552.28996913491,3479.430909238607,1
0.1,22900,114.5,3570.01268517476,3494.6915711212323,1
0.1,23000,115.0,3587.76041929618,3509.9522330038576,1
0.1,23100,115.5,3606.51791496507,3525.2128948864834,1
0.1,23200,116.0,3624.85323761465,3540.4735567691087,1
0.1,23300,116.5,3641.68532943376,3555.734218651734,1
0.1,23400,117.0,3662.21167809731,3570.9948805343597,1
0.1,23500,117.5,3683.29134187332,3586.255542416985,1
0.1,23600,118.0,3705.95353244202,3601.5162042996108,1
0.1,23700,118.5,3728.94748646096,3616.776866182236,1
0.1,23800,119.0,3751.3551209169,3632.0375280648614,1
0.1,23900,119.5,3768.59957339602,3647.298189947487,1
0.1,24000,120.0,3784.24978671313,3662.5588518301124,1
0.1,24100,120.5,3801.31284483252,3677.8195137127377,1
0.1,24200,121.0,3817.5621746256,3693.0801755953635,1
0.1,24300,121.5,3831.27777358167,3708.3408374779888,1
0.1,24400,122.0,3846.06208755309,3723.6014993606145,1
0.1,24500,122.5,3862.95297199171,3738.86216124324,1
0.1,24600,123.0,3879.32730908458,3754.122823125865,1
0.1,24700,123.5,3894.48707845399,3769.383485008491,1
0.1,24800,124.0,3908.36483500386,3784.644146891116,1
0.1,24900,124.5,3921.34290915761,3799.9048087737415,1
0.1,25000,125.0,3933.20035659395,3815.1654706563672,1
0.1,25100,125.5,3945.9893713915,3830.4261325389925,1
0.1,25200,126.0,3956.31754373286,3845.6867944216183,1
0.1,25300,126.5,3968.26806196269,3860.9474563042436,1
0.1,25400,127.0,3981.11845959563,3876.208118186869,1
0.1,25500,127.5,3994.685545791,3891.4687800694946,1
0.1,25600,128.0,4009.8491767861,3906.72944195212,1
0.1,25700,128.5,4027.01596778505,3921.9901038347452,1
0.1,25800,129.0,4046.57336008154,3937.250765717371,1
0.1,25900,129.5,4065.36534413478,3952.5114275999963,1
0.1,26000,130.0,4084.03721860094,3967.7720894826216,1
0.1,26100,130.5,4099.70491867664,3983.0327513652473,1
0.1,26200,131.0,4113.88274885585,3998.2934132478726,1
0.1,26300,131.5,4129.06193105447,4013.5540751304984,1
0.1,26400,132.0,4147.7060809573,4028.8147370131237,1
0.1,26500,132.5,4167.79748743998,4044.075398895749,1
0.1,26600,133.0,4187.02096896997,4059.3360607783748,1
0.1,26700,133.5,4203.82489169249,4074.596722661,1
0.1,26800,134.0,4221.05217114356,4089.8573845436254,1
0.1,26900,134.5,4236.79965935511,4105.118046426251,1
0.1,27000,135.0,4250.13405662304,4120.378708308876,1
0.1,27100,135.5,4265.47892413408,4135.639370191502,1
0.1,27200,136.0,4280.39520401518,4150.900032074127,1
0.1,27300,136.5,4295.73455318042,4166.160693956753,1
0.1,27400,137.0,4307.69306843782,4181.4213558393785,1
0.1,27500,137.5,4318.36345116025,4196.682017722004,1
0.1,27600,138.0,4328.16802259325,4211.942679604629,1
0.1,27700,138.5,4339.22376633407,4227.203341487255,1
0.1,27800,139.0,4350.31533794552,4242.464003369881,1
0.1,27900,139.5,4360.46561318079,4257.7246652525055,1
0.1,28000,140.0,4369.70219113032,4272.985327135131,1
0.1,28100,140.5,4379.02831443381,4288.245989017757,1
0.1,28200,141.0,4388.78949202044,4303.506650900382,1
0.1,28300,141.5,4399.05620058109,4318.767312783008,1
0.1,28400,142.0,4407.89892019741,4334.027974665633,1
0.1,28500,142.5,4414.24068800619,4349.288636548258,1
0.1,28600,143.0,4419.51144896822,4364.549298430884,1
0.1,28700,143.5,4427.05323921986,4379.80996031351,1
0.1,28800,144.0,4438.05393690032,4395.0706221961345,1
0.1,28900,144.5,4449.12997824,4410.33128407876,1
0.1,29000,145.0,4460.30725481163,4425.591945961386,1
0.1,29100,145.5,4468.38497968131,4440.852607844011,1
0.1,29200,146.0,4476.57509180114,4456.113269726637,1
0.1,29300,146.5,4484.13890487809,4471.373931609262,1
0.1,29400,147.0,4494.63098993802,4486.634593491888,1
0.1,29500,147.5,4505.078557847,4501.895255374513,1
0.1,29600,148.0,4514.21142121279,4517.155917257139,1
0.1,29700,148.5,4523.68299990088,4532.4165791397645,1
0.1,29800,149.0,4533.91450942183,4547.677241022389,1
0.1,29900,149.5,4548.50975593612,4562.937902905015,1
0.1,30000,150.0,4566.53831504601,4578.198564787641,1
0.1,30100,150.5,4582.33567766397,4593.459226670266,1
0.1,30200,151.0,4597.34526654639,4608.7198885528915,1
0.1,30300,151.5,4614.19553942295,4623.980550435517,1
0.1,30400,152.0,4632.42379877101,4639.241212318142,1
0.1,30500,152.5,4651.51724480805,4654.501874200768,1
0.1,30600,153.0,4666.48815455589,4669.762536083394,1
0.1,30700,153.5,4681.28954244278,4685.023197966018,1
0.1,30800,154.0,4693.66767877853,4700.283859848644,1
0.1,30900,154.5,4703.46563958036,4715.54452173127,1
0.1,31000,155.0,4716.27325158554,4730.805183613896,1
0.1,31100,155.5,4731.25053621795,4746.0658454965205,1
0.1,31200,156.0,4750.49575551671,4761.326507379146,1
0.1,31300,156.5,4768.12136275371,4776.587169261772,1
0.1,31400,157.0,4784.6439008385,4791.847831144397,1
0.1,31500,157.5,4803.5652114769,4807.108493027023,1
0.1,31600,158.0,4824.42053189419,4822.369154909648,1
0.1,31700,158.5,4847.58371705088,4837.629816792273,1
0.1,31800,159.0,4866.9382816904,4852.890478674899,1
0.1,31900,159.5,4884.9502514674,4868.151140557525,1
0.1,32000,160.0,4905.92773683652,4883.41180244015,1
0.1,32100,160.5,4924.94201116989,4898.672464322775,1
0.1,32200,161.0,4942.55105098359,4913.933126205401,1
0.1,32300,161.5,4956.52242725839,4929.193788088026,1
0.1,32400,162.0,4968.68339795383,4944.454449970652,1
0.1,32500,162.5,4980.60850236834,4959.715111853277,1
0.1,32600,163.0,4994.7569316717,4974.975773735902,1
0.1,32700,163.5,5011.5699171695,4990.236435618528,1
0.1,32800,164.0,5028.70311414535,5005.497097501154,1
0.1,32900,164.5,5045.17702224453,5020.75775938378,1
0.1,33000,165.0,5061.86544874166,5036.018421266404,1
0.1,33100,165.5,5080.18798789604,5051.27908314903,1
0.1,33200,166.0,5097.28258801411,5066.539745031656,1
0.1,33300,166.5,5112.21005876935,5081.800406914281,1
0.1,33400,167.0,5127.40348027301,5097.0610687969065,1
0.1,33500,167.5,5140.9861111368,5112.321730679532,1
0.1,33600,168.0,5155.27582788995,5127.582392562157,1
0.1,33700,168.5,5168.57559014228,5142.843054444783,1
0.1,33800,169.0,5181.47214838065,5158.103716327409,1
0.1,33900,169.5,5194.79330955754,5173.3643782100335,1
0.1,34000,170.0,5212.01606404313,5188.625040092659,1
0.1,34100,170.5,5226.59477583015,5203.885701975285,1
0.1,34200,171.0,5241.97597685501,5219.14636385791,1
0.1,34300,171.5,5262.62344551696,5234.407025740536,1
0.1,34400,172.0,5284.87879293875,5249.667687623161,1
0.1,34500,172.5,5306.87648236973,5264.928349505787,1
0.1,34600,173.0,5325.24193169474,5280.189011388412,1
0.1,34700,173.5,5345.94807225902,5295.449673271038,1
0.1,34800,174.0,5367.7716021882,5310.710335153663,1
0.1,34900,174.5,5389.58978532864,5325.970997036288,1
0.1,35000,175.0,5412.80422581778,5341.231658918914,1
0.1,35100,175.5,5430.49106118949,5356.49232080154,1
0.1,35200,176.0,5445.61330485199,5371.752982684165,1
0.1,35300,176.5,5464.23635332065,5387.01364456679,1
0.1,35400,177.0,5484.75255968804,5402.274306449416,1
0.1,35500,177.5,5503.58503395822,5417.534968332041,1
0.1,35600,178.0,5523.48867562149,5432.795630214667,1
0.1,35700,178.5,5545.24439990035,5448.0562920972925,1
0.1,35800,179.0,5567.30513347064,5463.316953979917,1
0.1,35900,179.5,5589.67070610918,5478.577615862543,1
0.1,36000,180.0,5611.91178931583,5493.838277745169,1
0.1,36100,180.5,5632.36460694844,5509.098939627794,1
0.1,36200,181.0,5654.08238018996,5524.359601510419,1
0.1,36300,181.5,5675.68889220896,5539.620263393045,1
0.1,36400,182.0,5699.6612948196,5554.880925275671,1
0.1,36500,182.5,5726.14426379132,5570.141587158296,1
0.1,36600,183.0,5748.80389541698,5585.402249040922,1
0.1,36700,183.5,5764.45681451874,5600.662910923547,1
0.1,36800,184.0,5780.15042453272,5615.923572806172,1
0.1,36900,184.5,5800.04486890281,5631.184234688798,1
0.1,37000,185.0,5814.77640286293,5646.444896571424,1
0.1,37100,185.5,5829.27341866209,5661.7055584540485,1
0.1,37200,186.0,5849.31264756859,5676.966220336674,1
0.1,37300,186.5,5869.46324487761,5692.2268822193,1
0.1,37400,187.0,5889.18135097489,5707.487544101925,1
0.1,37500,187.5,5908.54677450355,5722.748205984551,1
0.1,37600,188.0,5926.43408037856,5738.008867867176,1
0.1,37700,188.5,5942.3684717536,5753.269529749801,1
0.1,37800,189.0,5953.20615396735,5768.530191632427,1
0.1,37900,189.5,5963.94170645604,5783.790853515053,1
0.1,38000,190.0,5977.97923769928,5799.0515153976785,1
0.1,38100,190.5,5991.7105327496,5814.312177280303,1
0.1,38200,191.0,6004.11821748988,5829.572839162929,1
0.1,38300,191.5,6016.92832500495,5844.833501045555,1
0.1,38400,192.0,6030.43127936566,5860.09416292818,1
0.1,38500,192.5,6043.08417435784,5875.354824810805,1
0.1,38600,193.0,6055.70163075588,5890.615486693431,1
0.1,38700,193.5,6067.40653288994,5905.876148576056,1
0.1,38800,194.0,6078.3469271349,5921.136810458682,1
0.1,38900,194.5,6090.6032657822,5936.397472341308,1
0.1,39000,195.0,6106.16022776191,5951.658134223932,1
0.1,39100,195.5,6125.51200197399,5966.918796106558,1
0.1,39200,196.0,6145.14335398291,5982.179457989184,1
0.1,39300,196.5,6163.62289904358,5997.440119871809,1
0.1,39400,197.0,6182.61331218571,6012.7007817544345,1
0.1,39500,197.5,6198.6264531845,6027.96144363706,1
0.1,39600,198.0,6211.54668459411,6043.222105519685,1
0.1,39700,198.5,6224.56968656709,6058.482767402311,1
0.1,39800,199.0,6242.54403035613,6073.743429284937,1
0.1,39900,199.5,6255.89676272268,6089.004091167562,1
0.1,40000,200.0,6263.85550318946,6104.264753050187,1
0.1,40100,200.5,6272.11493960288,6119.525414932813,1
0.1,40200,201.0,6279.80971325236,6134.786076815439,1
0.1,40300,201.5,6286.91540721536,6150.046738698064,1
0.1,40400,202.0,6297.68121117454,6165.307400580689,1
0.1,40500,202.5,6307.21844305788,6180.568062463315,1
0.1,40600,203.0,6319.73514433959,6195.82872434594,1
0.1,40700,203.5,6334.43892186999,6211.089386228566,1
0.1,40800,204.0,6349.57999498394,6226.350048111191,1
0.1,40900,204.5,6362.89277710166,6241.610709993816,1
0.1,41000,205.0,6375.023466363,6256.871371876442,1
0.1,41100,205.5,6385.94466923632,6272.132033759068,1
0.1,41200,206.0,6398.69020704802,6287.392695641693,1
0.1,41300,206.5,6414.11380360842,6302.653357524318,1
0.1,41400,207.0,6429.45602139553,6317.914019406944,1
0.1,41500,207.5,6442.84936228078,6333.17468128957,1
0.1,41600,208.0,6454.78480951681,6348.435343172195,1
0.1,41700,208.5,6467.30433628716,6363.6960050548205,1
0.1,41800,209.0,6479.8667016512,6378.956666937446,1
0.1,41900,209.5,6491.9893039105,6394.217328820071,1
0.1,42000,210.0,6500.60127411375,6409.477990702697,1
0.1,42100,210.5,6509.76038233421,6424.738652585323,1
0.1,42200,211.0,6526.92073239772,6439.999314467947,1
0.1,42300,211.5,6549.49501351485,6455.259976350573,1
0.1,42400,212.0,6573.64378578631,6470.520638233199,1
0.1,42500,212.5,6595.95535798238,6485.781300115824,1
0.1,42600,213.0,6615.23090818504,6501.04196199845,1
0.1,42700,213.5,6634.22730289505,6516.302623881075,1
0.1,42800,214.0,6655.28962652196,6531.5632857637,1
0.1,42900,214.5,6676.83545114369,6546.823947646326,1
0.1,43000,215.0,6701.21574662257,6562.084609528952,1
0.1,43100,215.5,6729.27556670614,6577.3452714115765,1
0.1,43200,216.0,6755.08114232298,6592.605933294202,1
0.1,43300,216.5,6778.89291625823,6607.866595176828,1
0.1,43400,217.0,6801.45120013052,6623.127257059454,1
0.1,43500,217.5,6822.73763431178,6638.387918942079,1
0.1,43600,218.0,6843.63688596156,6653.648580824704,1
0.1,43700,218.5,6864.37732567279,6668.90924270733,1
0.1,43800,219.0,6883.59774602566,6684.169904589955,1
0.1,43900,219.5,6901.5210598814,6699.430566472581,1
0.1,44000,220.0,6920.12754997069,6714.6912283552065,1
0.1,44100,220.5,6937.67088207912,6729.951890237831,1
0.1,44200,221.0,6957.62933100554,6745.212552120457,1
0.1,44300,221.5,6979.36949640254,6760.473214003083,1
0.1,44400,222.0,7002.66409423838,6775.733875885708,1
0.1,44500,222.5,7027.68130525189,6790.994537768333,1
0.1,44600,223.0,7049.87306415953,6806.255199650959,1
0.1,44700,223.5,7068.26580073614,6821.515861533584,1
0.1,44800,224.0,7089.64167577518,6836.77652341621,1
0.1,44900,224.5,7114.9210862615,6852.0371852988355,1
0.1,45000,225.0,7142.11288203539,6867.29784718146,1
0.1,45100,225.5,7161.63966894922,6882.558509064086,1
0.1,45200,226.0,7178.22711577929,6897.819170946712,1
0.1,45300,226.5,7193.68783823624,6913.079832829338,1
0.1,45400,227.0,7211.45134509819,6928.3404947119625,1
0.1,45500,227.5,7228.31520089874,6943.601156594588,1
0.1,45600,228.0,7244.53843307086,6958.861818477214,1
0.1,45700,228.5,7260.54383851909,6974.122480359839,1
0.1,45800,229.0,7279.21886448311,6989.383142242465,1
0.1,45900,229.5,7294.61196850527,7004.64380412509,1
0.1,46000,230.0,7308.76547440378,7019.904466007715,1
0.1,46100,230.5,7325.6723789588,7035.165127890341,1
0.1,46200,231.0,7340.69014695369,7050.425789772967,1
0.1,46300,231.5,7359.37026660094,7065.686451655592,1
0.1,46400,232.0,7374.58995386314,7080.947113538217,1
0.1,46500,232.5,7386.50550944331,7096.207775420843,1
0.1,46600,233.0,7399.13446456069,7111.468437303468,1
0.1,46700,233.5,7414.32374575392,7126.729099186094,1
0.1,46800,234.0,7431.07201418393,7141.989761068719,1
0.1,46900,234.5,7446.41074428658,7157.250422951345,1
0.1,47000,235.0,7459.7130076983,7172.51108483397,1
0.1,47100,235.5,7474.64546847772,7187.771746716596,1
0.1,47200,236.0,7492.37569341347,7203.0324085992215,1
0.1,47300,236.5,7512.05219680709,7218.293070481846,1
0.1,47400,237.0,7535.31367206776,7233.553732364472,1
0.1,47500,237.5,7553.69939209859,7248.814394247098,1
0.1,47600,238.0,7574.84501179033,7264.075056129723,1
0.1,47700,238.5,7593.3612197693,7279.3357180123485,1
0.1,47800,239.0,7605.04000483608,7294.596379894974,1
0.1,47900,239.5,7617.79527722673,7309.857041777599,1
0.1,48000,240.0,7633.15657004667,7325.117703660225,1
0.1,48100,240.5,7649.05785199869,7340.378365542851,1
0.1,48200,241.0,7666.83153713241,7355.639027425475,1
0.1,48300,241.5,7685.1508432737,7370.899689308101,1
0.1,48400,242.0,7702.20706953178,7386.160351190727,1
0.1,48500,242.5,7724.94183234183,7401.421013073352,1
0.1,48600,243.0,7750.1040609149,7416.6816749559775,1
0.1,48700,243.5,7775.09015691626,7431.942336838603,1
0.1,48800,244.0,7798.12736385022,7447.202998721229,1
0.1,48900,244.5,7818.09208272312,7462.463660603854,1
0.1,49000,245.0,7837.45869402064,7477.72432248648,1
0.1,49100,245.5,7853.28980100074,7492.984984369105,1
0.1,49200,246.0,7871.58253344211,7508.24564625173,1
0.1,49300,246.5,7892.58004679519,7523.506308134356,1
0.1,49400,247.0,7914.22311869429,7538.766970016982,1
0.1,49500,247.5,7934.71428691569,7554.027631899607,1
0.1,49600,248.0,7950.50058202793,7569.288293782232,1
0.1,49700,248.5,7963.33571211349,7584.548955664858,1
0.1,49800,249.0,7974.55757467441,7599.809617547483,1
0.1,49900,249.5,7984.81805823057,7615.070279430109,1
0.1,50000,250.0,7996.64138972326,7630.3309413127345,1
0.1,50100,250.5,8008.20987889439,7645.591603195359,1
0.1,50200,251.0,8019.01222479583,7660.852265077985,1
0.1,50300,251.5,8030.20127063781,7676.112926960611,1
0.1,50400,252.0,8042.35367563156,7691.373588843237,1
0.1,50500,252.5,8050.97107481392,7706.634250725861,1
0.1,50600,253.0,8058.38820044863,7721.894912608487,1
0.1,50700,253.5,8064.25407446871,7737.155574491113,1
0.1,50800,254.0,8071.78633984475,7752.416236373738,1
0.1,50900,254.5,8082.29072227327,7767.6768982563635,1
0.1,51000,255.0,8091.27733750451,7782.937560138989,1
0.1,51100,255.5,8101.70429075386,7798.198222021614,1
0.1,51200,256.0,8112.74155701119,7813.45888390424,1
0.1,51300,256.5,8122.38182235632,7828.719545786866,1
0.1,51400,257.0,8132.04837459877,7843.9802076694905,1
0.1,51500,257.5,8142.3528331976,7859.240869552116,1
0.1,51600,258.0,8153.86122519907,7874.501531434742,1
0.1,51700,258.5,8164.50986519347,7889.762193317367,1
0.1,51800,259.0,8173.09542112974,7905.022855199993,1
0.1,51900,259.5,8181.63808806256,7920.283517082618,1
0.1,52000,260.0,8189.97235469381,7935.544178965243,1
0.1,52100,260.5,8200.9297235968,7950.804840847869,1
0.1,52200,261.0,8213.30744202629,7966.065502730495,1
0.1,52300,261.5,8225.78947969286,7981.32616461312,1
0.1,52400,262.0,8238.7132764393,7996.586826495745,1
0.1,52500,262.5,8248.75817529346,8011.847488378371,1
0.1,52600,263.0,8257.71625506176,8027.108150260997,1
0.1,52700,263.5,8264.44896041131,8042.368812143622,1
0.1,52800,264.0,8269.89991298272,8057.629474026247,1
0.1,52900,264.5,8277.46308524203,8072.890135908873,1
0.1,53000,265.0,8292.65158262254,8088.150797791498,1
0.1,53100,265.5,8308.58240564441,8103.411459674124,1
0.1,53200,266.0,8322.18858190732,8118.6721215567495,1
0.1,53300,266.5,8337.16007647284,8133.932783439374,1
0.1,53400,267.0,8348.18524572347,8149.193445322,1
0.1,53500,267.5,8364.6586134994,8164.454107204626,1
0.1,53600,268.0,8381.79924397221,8179.714769087251,1
0.1,53700,268.5,8399.31815055798,8194.975430969876,1
0.1,53800,269.0,8412.33352550511,8210.236092852501,1
0.1,53900,269.5,8429.18070799315,8225.496754735128,1
0.1,54000,270.0,8446.31032699718,8240.757416617753,1
0.1,54100,270.5,8463.37012955451,8256.018078500378,1
0.1,54200,271.0,8482.47491787092,8271.278740383004,1
0.1,54300,271.5,8497.716737442,8286.53940226563,1
0.1,54400,272.0,8516.99926595312,8301.800064148254,1
0.1,54500,272.5,8536.3392537539,8317.06072603088,1
0.1,54600,273.0,8553.6675232581,8332.321387913506,1
0.1,54700,273.5,8564.71395517558,8347.58204979613,1
0.1,54800,274.0,8574.0352267379,8362.842711678757,1
0.1,54900,274.5,8582.67229327738,8378.103373561382,1
0.1,55000,275.0,8590.98589776966,8393.364035444009,1
0.1,55100,275.5,8596.16358805182,8408.624697326633,1
0.1,55200,276.0,8603.66085108234,8423.885359209258,1
0.1,55300,276.5,8614.90186373967,8439.146021091885,1
0.1,55400,277.0,8626.12134675621,8454.40668297451,1
0.1,55500,277.5,8641.84935663775,8469.667344857135,1
0.1,55600,278.0,8659.40154764805,8484.928006739761,1
0.1,55700,278.5,8680.6554620555,8500.188668622386,1
0.1,55800,279.0,8704.18575085172,8515.449330505011,1
0.1,55900,279.5,8726.73133821744,8530.709992387638,1
0.1,56000,280.0,8749.69299623219,8545.970654270262,1
0.1,56100,280.5,8771.39437176945,8561.231316152887,1
0.1,56200,281.0,8787.722422876,8576.491978035514,1
0.1,56300,281.5,8799.83434840055,8591.752639918139,1
0.1,56400,282.0,8816.89539560557,8607.013301800764,1
0.1,56500,282.5,8836.3640020893,8622.27396368339,1
0.1,56600,283.0,8853.87536852803,8637.534625566015,1
0.1,56700,283.5,8868.21036282468,8652.79528744864,1
0.1,56800,284.0,8884.52938710244,8668.055949331267,1
0.1,56900,284.5,8901.7725707153,8683.316611213892,1
0.1,57000,285.0,8915.53660668755,8698.577273096516,1
0.1,57100,285.5,8926.30757920247,8713.837934979143,1
0.1,57200,286.0,8941.78054494015,8729.098596861768,1
0.1,57300,286.5,8959.0836695821,8744.359258744393,1
0.1,57400,287.0,8976.31309371608,8759.61992062702,1
0.1,57500,287.5,8992.57033457828,8774.880582509644,1
0.1,57600,288.0,9010.76031608921,8790.141244392269,1
0.1,57700,288.5,9033.39846713114,8805.401906274896,1
0.1,57800,289.0,9054.96547157107,8820.66256815752,1
0.1,57900,289.5,9075.20263450728,8835.923230040145,1
0.1,58000,290.0,9095.5982416889,8851.183891922772,1
0.1,58100,290.5,9114.31830884226,8866.444553805397,1
0.1,58200,291.0,9127.61191317338,8881.705215688022,1
0.1,58300,291.5,9140.96467522531,8896.965877570648,1
0.1,58400,292.0,9152.25832785235,8912.226539453273,1
0.1,58500,292.5,9164.61981207751,8927.4872013359,1
0.1,58600,293.0,9175.63056647801,8942.747863218525,1
0.1,58700,293.5,9195.92596786636,8958.00852510115,1
0.1,58800,294.0,9216.85537458997,8973.269186983776,1
0.1,58900,294.5,9236.35354091207,8988.529848866401,1
0.1,59000,295.0,9251.96537341904,9003.790510749026,1
0.1,59100,295.5,9265.80376737461,9019.051172631653,1
0.1,59200,296.0,9283.37222582839,9034.311834514278,1
0.1,59300,296.5,9307.09947384932,9049.572496396902,1
0.1,59400,297.0,9329.74084011462,9064.833158279529,1
0.1,59500,297.5,9344.91994386569,9080.093820162154,1
0.1,59600,298.0,9356.17228028636,9095.354482044779,1
0.1,59700,298.5,9371.13974280838,9110.615143927405,1
0.1,59800,299.0,9386.05380762833,9125.87580581003,1
0.1,59900,299.5,9402.92856221574,9141.136467692655,1
0.1,60000,300.0,9418.78443070963,9156.397129575282,1
0.1,60100,300.5,9434.899564148,9171.657791457907,1
0.1,60200,301.0,9450.20715323849,9186.918453340531,1
0.1,60300,301.5,9466.70699170713,9202.179115223158,1
0.1,60400,302.0,9481.94474044993,9217.439777105783,1
0.1,60500,302.5,9492.94050210867,9232.700438988408,1
0.1,60600,303.0,9498.1391032016,9247.961100871034,1
0.1,60700,303.5,9500.15968479441,9263.22176275366,1
0.1,60800,304.0,9504.08046343826,9278.482424636284,1
0.1,60900,304.5,9506.66023939404,9293.74308651891,1
0.1,61000,305.0,9508.88830948192,9309.003748401536,1
0.1,61100,305.5,9507.96506945849,9324.26441028416,1
0.1,61200,306.0,9505.11482048366,9339.525072166787,1
0.1,61300,306.5,9507.46190955928,9354.785734049412,1
0.1,61400,307.0,9516.1122202513,9370.046395932037,1
0.1,61500,307.5,9528.00205378856,9385.307057814663,1
0.1,61600,308.0,9541.13686848091,9400.567719697288,1
0.1,61700,308.5,9557.44618529174,9415.828381579913,1
0.1,61800,309.0,9571.78316316887,9431.08904346254,1
0.1,61900,309.5,9585.20228617345,9446.349705345165,1
0.1,62000,310.0,9595.69984336332,9461.610367227791,1
0.1,62100,310.5,9605.8068257205,9476.871029110416,1
0.1,62200,311.0,9624.19601060107,9492.131690993041,1
0.1,62300,311.5,9638.77941139699,9507.392352875668,1
0.1,62400,312.0,9652.70398471982,9522.653014758293,1
0.1,62500,312.5,9667.97166262906,9537.913676640917,1
0.1,62600,313.0,9683.86894278347,9553.174338523544,1
0.1,62700,313.5,9702.45800210713,9568.435000406169,1
0.1,62800,314.0,9719.50572145399,9583.695662288794,1
0.1,62900,314.5,9733.54887516712,9598.95632417142,1
0.1,63000,315.0,9743.69408114019,9614.216986054045,1
0.1,63100,315.5,9749.94490713608,9629.47764793667,1
0.1,63200,316.0,9753.57653599409,9644.738309819297,1
0.1,63300,316.5,9758.73531387622,9659.998971701922,1
0.1,63400,317.0,9768.19703844527,9675.259633584546,1
0.1,63500,317.5,9783.00612494698,9690.520295467173,1
0.1,63600,318.0,9799.10015017266,9705.780957349798,1
0.1,63700,318.5,9814.52500447963,9721.041619232423,1
0.1,63800,319.0,9825.55817032473,9736.30228111505,1
0.1,63900,319.5,9830.2928597251,9751.562942997674,1
0.1,64000,320.0,9833.45672279438,9766.8236048803,1
0.1,64100,320.5,9836.05226725014,9782.084266762926,1
0.1,64200,321.0,9842.85284815432,9797.34492864555,1
0.1,64300,321.5,9853.92202088789,9812.605590528176,1
0.1,64400,322.0,9866.47391561447,9827.866252410802,1
0.1,64500,322.5,9880.43214250075,9843.126914293427,1
0.1,64600,323.0,9895.39113714797,9858.387576176052,1
0.1,64700,323.5,9910.35582473299,9873.648238058679,1
0.1,64800,324.0,9926.2959374391,9888.908899941303,1
0.1,64900,324.5,9941.57966603383,9904.169561823928,1
0.1,65000,325.0,9955.88926266384,9919.430223706555,1
0.1,65100,325.5,9972.3128850502,9934.69088558918,1
0.1,65200,326.0,9989.40606167124,9949.951547471805,1
0.1,65300,326.5,10004.396473099,9965.212209354431,1
0.1,65400,327.0,10018.1579344653,9980.472871237056,1
0.1,65500,327.5,10032.4949021566,9995.733533119683,1
0.1,65600,328.0,10044.209221683,10010.994195002308,1
0.1,65700,328.5,10056.9288265618,10026.254856884932,1
0.1,65800,329.0,10071.8251345912,10041.51551876756,1
0.1,65900,329.5,10088.9235243733,10056.776180650184,1
0.1,66000,330.0,10102.1404533934,10072.036842532809,1
0.1,66100,330.5,10116.8650230924,10087.297504415435,1
0.1,66200,331.0,10133.6307004208,10102.55816629806,1
0.1,66300,331.5,10149.1616762423,10117.818828180685,1
0.1,66400,332.0,10163.8132442178,10133.079490063312,1
0.1,66500,332.5,10178.7108388549,10148.340151945937,1
0.1,66600,333.0,10194.5027994895,10163.600813828562,1
0.1,66700,333.5,10212.7627939801,10178.861475711188,1
0.1,66800,334.0,10233.9291220483,10194.122137593813,1
0.1,66900,334.5,10252.8438957104,10209.382799476438,1
0.1,67000,335.0,10268.2507965591,10224.643461359065,1
0.1,67100,335.5,10288.2624820193,10239.90412324169,1
0.1,67200,336.0,10309.6266836881,10255.164785124314,1
0.1,67300,336.5,10332.9269680972,10270.42544700694,1
0.1,67400,337.0,10356.7654470156,10285.686108889566,1
0.1,67500,337.5,10377.5066898973,10300.94677077219,1
0.1,67600,338.0,10394.8764217185,10316.207432654817,1
0.1,67700,338.5,10415.4032760545,10331.468094537442,1
0.1,67800,339.0,10436.8607009036,10346.728756420067,1
0.1,67900,339.5,10448.9990139904,10361.989418302694,1
0.1,68000,340.0,10458.4726681967,10377.250080185318,1
0.1,68100,340.5,10471.739997795,10392.510742067943,1
0.1,68200,341.0,10484.3317044601,10407.77140395057,1
0.1,68300,341.5,10498.784475938,10423.032065833195,1
0.1,68400,342.0,10515.2341669241,10438.29272771582,1
0.1,68500,342.5,10528.4793353861,10453.553389598446,1
0.1,68600,343.0,10538.7414818621,10468.814051481071,1
0.1,68700,343.5,10550.0405926031,10484.074713363696,1
0.1,68800,344.0,10559.9606693148,10499.335375246323,1
0.1,68900,344.5,10572.1647563062,10514.596037128948,1
0.1,69000,345.0,10587.0107489881,10529.856699011574,1
0.1,69100,345.5,10604.5421084357,10545.117360894199,1
0.1,69200,346.0,10623.4251219228,10560.378022776824,1
0.1,69300,346.5,10641.3904772658,10575.63868465945,1
0.1,69400,347.0,10660.3192481214,10590.899346542075,1
0.1,69500,347.5,10679.0914754692,10606.1600084247,1
0.1,69600,348.0,10697.3979406172,10621.420670307327,1
0.1,69700,348.5,10710.0367853142,10636.681332189952,1
0.1,69800,349.0,10722.8440830866,10651.941994072577,1
0.1,69900,349.5,10736.3686067366,10667.202655955203,1
0.1,70000,350.0,10751.6679406786,10682.463317837828,1
0.1,70100,350.5,10771.4007825313,10697.723979720453,1
0.1,70200,351.0,10796.6463042498,10712.98464160308,1
0.1,70300,351.5,10820.6783334868,10728.245303485704,1
0.1,70400,352.0,10843.7181383727,10743.50596536833,1
0.1,70500,352.5,10865.6190604086,10758.766627250956,1
0.1,70600,353.0,10884.5931985848,10774.02728913358,1
0.1,70700,353.5,10903.7171167428,10789.287951016206,1
0.1,70800,354.0,10923.6029544571,10804.548612898832,1
0.1,70900,354.5,10938.6903949737,10819.809274781457,1
0.1,71000,355.0,10954.9207195405,10835.069936664082,1
0.1,71100,355.5,10969.5804440911,10850.330598546709,1
0.1,71200,356.0,10984.3790440607,10865.591260429333,1
0.1,71300,356.5,10999.8381215996,10880.851922311958,1
0.1,71400,357.0,11017.6510039105,10896.112584194585,1
0.1,71500,357.5,11034.9013997455,10911.37324607721,1
0.1,71600,358.0,11051.9478145467,10926.633907959835,1
0.1,71700,358.5,11070.8599888958,10941.894569842461,1
0.1,71800,359.0,11090.9566247409,10957.155231725086,1
0.1,71900,359.5,11116.6059894804,10972.415893607711,1
0.1,72000,360.0,11137.2692888671,10987.676555490338,1
0.1,72100,360.5,11156.2476712233,11002.937217372963,1
0.1,72200,361.0,11175.1376842318,11018.197879255587,1
0.1,72300,361.5,11196.5621279555,11033.458541138214,1
0.1,72400,362.0,11215.3097854539,11048.719203020839,1
0.1,72500,362.5,11232.3651918457,11063.979864903466,1
0.1,72600,363.0,11246.6201241507,11079.24052678609,1
0.1,72700,363.5,11258.6924175996,11094.501188668715,1
0.1,72800,364.0,11275.7127901255,11109.761850551342,1
0.1,72900,364.5,11292.5938905783,11125.022512433967,1
0.1,73000,365.0,11307.1514025834,11140.283174316592,1
0.1,73100,365.5,11323.1347558161,11155.543836199218,1
0.1,73200,366.0,11338.9493781471,11170.804498081843,1
0.1,73300,366.5,11354.4473367044,11186.065159964468,1
0.1,73400,367.0,11366.9879977515,11201.325821847095,1
0.1,73500,367.5,11378.5586751354,11216.58648372972,1
0.1,73600,368.0,11396.2345695752,11231.847145612344,1
0.1,73700,368.5,11412.1246762029,11247.107807494971,1
0.1,73800,369.0,11429.2558214855,11262.368469377596,1
0.1,73900,369.5,11444.7904711918,11277.62913126022,1
0.1,74000,370.0,11462.6431215966,11292.889793142847,1
0.1,74100,370.5,11480.6910273579,11308.150455025472,1
0.1,74200,371.0,11495.1037593198,11323.411116908097,1
0.1,74300,371.5,11508.847965576,11338.671778790724,1
0.1,74400,372.0,11519.9330892151,11353.932440673349,1
0.1,74500,372.5,11530.9486925334,11369.193102555973,1
0.1,74600,373.0,11547.0153237759,11384.4537644386,1
0.1,74700,373.5,11561.4776137049,11399.714426321225,1
0.1,74800,374.0,11576.9670213938,11414.97508820385,1
0.1,74900,374.5,11591.2355326265,11430.235750086476,1
0.1,75000,375.0,11602.4011170594,11445.496411969101,1
0.1,75100,375.5,11610.2760395752,11460.757073851726,1
0.1,75200,376.0,11620.6512734436,11476.017735734353,1
0.1,75300,376.5,11628.8998179551,11491.278397616978,1
0.1,75400,377.0,11635.7237700083,11506.539059499602,1
0.1,75500,377.5,11639.4691043735,11521.79972138223,1
0.1,75600,378.0,11638.4566727048,11537.060383264854,1
0.1,75700,378.5,11637.8311043853,11552.321045147479,1
0.1,75800,379.0,11636.4747506883,11567.581707030105,1
0.1,75900,379.5,11636.7943954754,11582.84236891273,1
0.1,76000,380.0,11635.5439830127,11598.103030795357,1
0.1,76100,380.5,11643.1726473008,11613.363692677982,1
0.1,76200,381.0,11654.5237695511,11628.624354560607,1
0.1,76300,381.5,11666.8947944045,11643.885016443233,1
0.1,76400,382.0,11683.4487205189,11659.145678325858,1
0.1,76500,382.5,11699.1171165091,11674.406340208483,1
0.1,76600,383.0,11715.3140576734,11689.66700209111,1
0.1,76700,383.5,11732.832808367,11704.927663973735,1
0.1,76800,384.0,11748.1754827006,11720.18832585636,1
0.1,76900,384.5,11762.5139726424,11735.448987738986,1
0.1,77000,385.0,11776.5097479083,11750.70964962161,1
0.1,77100,385.5,11786.8229037314,11765.970311504236,1
0.1,77200,386.0,11797.0853287547,11781.230973386862,1
0.1,77300,386.5,11808.4093316377,11796.491635269487,1
0.1,77400,387.0,11819.4663519241,11811.752297152112,1
0.1,77500,387.5,11837.70324398,11827.012959034739,1
0.1,77600,388.0,11853.3780378511,11842.273620917364,1
0.1,77700,388.5,11868.3411771286,11857.534282799988,1
0.1,77800,389.0,11886.1686826649,11872.794944682615,1
0.1,77900,389.5,11911.18423882,11888.05560656524,1
0.1,78000,390.0,11935.8452128346,11903.316268447865,1
0.1,78100,390.5,11954.8959440732,11918.576930330491,1
0.1,78200,391.0,11971.4620673812,11933.837592213116,1
0.1,78300,391.5,11989.4143435256,11949.098254095741,1
0.1,78400,392.0,12009.9457977097,11964.358915978368,1
0.1,78500,392.5,12030.8014233908,11979.619577860993,1
0.1,78600,393.0,12051.2711740825,11994.880239743617,1
0.1,78700,393.5,12062.6467528072,12010.140901626244,1
0.1,78800,394.0,12076.9517733908,12025.401563508869,1
0.1,78900,394.5,12094.8908219928,12040.662225391494,1
0.1,79000,395.0,12116.4255753116,12055.92288727412,1
0.1,79100,395.5,12138.8481831693,12071.183549156745,1
0.1,79200,396.0,12165.0588350187,12086.44421103937,1
0.1,79300,396.5,12194.0579421899,12101.704872921997,1
0.1,79400,397.0,12219.329161505,12116.965534804622,1
0.1,79500,397.5,12240.946660983,12132.226196687248,1
0.1,79600,398.0,12261.9935151271,12147.486858569873,1
0.1,79700,398.5,12280.1161380671,12162.747520452498,1
0.1,79800,399.0,12295.9382079284,12178.008182335125,1
0.1,79900,399.5,12312.5012810117,12193.26884421775,1
0.1,80000,400.0,12322.3772283489,12208.529506100374,1
0.1,80100,400.5,12328.9561436024,12223.790167983001,1
0.1,80200,401.0,12335.7126985834,12239.050829865626,1
0.1,80300,401.5,12346.670094376,12254.31149174825,1
0.1,80400,402.0,12356.350746747,12269.572153630877,1
0.1,80500,402.5,12370.2666409477,12284.832815513502,1
0.1,80600,403.0,12386.8012783401,12300.093477396127,1
0.1,80700,403.5,12409.4397444623,12315.354139278754,1
0.1,80800,404.0,12433.9730247607,12330.614801161379,1
0.1,80900,404.5,12457.3360850442,12345.875463044003,1
0.1,81000,405.0,12477.6523660868,12361.13612492663,1
0.1,81100,405.5,12494.9500376818,12376.396786809255,1
0.1,81200,406.0,12515.0320183827,12391.65744869188,1
0.1,81300,406.5,12531.0599948116,12406.918110574506,1
0.1,81400,407.0,12537.7981801264,12422.178772457131,1
0.1,81500,407.5,12544.6110934615,12437.439434339756,1
0.1,81600,408.0,12552.6669517958,12452.700096222383,1
0.1,81700,408.5,12562.0300936557,12467.960758105008,1
0.1,81800,409.0,12575.1579443349,12483.221419987633,1
0.1,81900,409.5,12592.1468150111,12498.48208187026,1
0.1,82000,410.0,12607.6232189466,12513.742743752884,1
0.1,82100,410.5,12622.1021280198,12529.003405635509,1
0.1,82200,411.0,12642.0272865226,12544.264067518136,1
0.1,82300,411.5,12657.71766581,12559.52472940076,1
0.1,82400,412.0,12671.1410898856,12574.785391283385,1
0.1,82500,412.5,12677.0241509613,12590.046053166012,1
0.1,82600,413.0,12687.9970755125,12605.306715048637,1
0.1,82700,413.5,12698.0845186664,12620.567376931262,1
0.1,82800,414.0,12716.2263659092,12635.828038813888,1
0.1,82900,414.5,12738.7377418176,12651.088700696513,1
0.1,83000,415.0,12763.5425175019,12666.34936257914,1
0.1,83100,415.5,12785.9041354329,12681.610024461765,1
0.1,83200,416.0,12805.5229298876,12696.87068634439,1
0.1,83300,416.5,12820.7453939363,12712.131348227016,1
0.1,83400,417.0,12832.0331917809,12727.392010109641,1
0.1,83500,417.5,12840.8160336002,12742.652671992266,1
0.1,83600,418.0,12851.8726265211,12757.913333874892,1
0.1,83700,418.5,12866.5485061177,12773.173995757517,1
0.1,83800,419.0,12879.2665453692,12788.434657640142,1
0.1,83900,419.5,12895.3380690586,12803.695319522769,1
0.1,84000,420.0,12912.4585957517,12818.955981405394,1
0.1,84100,420.5,12930.6172141939,12834.216643288019,1
0.1,84200,421.0,12946.4852031584,12849.477305170645,1
0.1,84300,421.5,12960.1842001318,12864.73796705327,1
0.1,84400,422.0,12971.5982095349,12879.998628935895,1
0.1,84500,422.5,12986.7455083855,12895.259290818522,1
0.1,84600,423.0,13000.0030796836,12910.519952701146,1
0.1,84700,423.5,13011.6819927731,12925.780614583771,1
0.1,84800,424.0,13020.3442006429,12941.041276466398,1
0.1,84900,424.5,13026.1083756335,12956.301938349023,1
0.1,85000,425.0,13038.634059439,12971.562600231648,1
0.1,85100,425.5,13052.6955853883,12986.823262114274,1
0.1,85200,426.0,13063.7366525795,13002.0839239969,1
0.1,85300,426.5,13072.0328538254,13017.344585879524,1
0.1,85400,427.0,13070.9054736044,13032.60524776215,1
0.1,85500,427.5,13066.4822167005,13047.865909644775,1
0.1,85600,428.0,13059.5444005229,13063.1265715274,1
0.1,85700,428.5,13064.435782653,13078.387233410027,1
0.1,85800,429.0,13067.8939687413,13093.647895292652,1
0.1,85900,429.5,13066.3890971228,13108.908557175277,1
0.1,86000,430.0,13064.0243999605,13124.169219057903,1
0.1,86100,430.5,13063.3334971427,13139.429880940528,1
0.1,86200,431.0,13071.1892056979,13154.690542823153,1
0.1,86300,431.5,13086.6865712114,13169.95120470578,1
0.1,86400,432.0,13108.3740949015,13185.211866588405,1
0.1,86500,432.5,13135.7864660133,13200.47252847103,1
0.1,86600,433.0,13163.8071263811,13215.733190353656,1
0.1,86700,433.5,13188.6468761395,13230.99385223628,1
0.1,86800,434.0,13212.1689224668,13246.254514118908,1
0.1,86900,434.5,13237.2045675997,13261.515176001532,1
0.1,87000,435.0,13261.4293809965,13276.775837884157,1
0.1,87100,435.5,13285.4811446211,13292.036499766784,1
0.1,87200,436.0,13307.8218396037,13307.297161649409,1
0.1,87300,436.5,13336.0721080993,13322.557823532034,1
0.1,87400,437.0,13366.4821595497,13337.81848541466,1
0.1,87500,437.5,13400.2610952355,13353.079147297285,1
0.1,87600,438.0,13435.780599681,13368.33980917991,1
0.1,87700,438.5,13467.9267338457,13383.600471062537,1
0.1,87800,439.0,13497.2584031422,13398.861132945161,1
0.1,87900,439.5,13525.4412935161,13414.121794827786,1
0.1,88000,440.0,13547.0296474777,13429.382456710413,1
0.1,88100,440.5,13562.9527514353,13444.643118593038,1
0.1,88200,441.0,13579.9668381977,13459.903780475663,1
0.1,88300,441.5,13600.4674009043,13475.16444235829,1
0.1,88400,442.0,13626.327127936,13490.425104240914,1
0.1,88500,442.5,13646.5145764478,13505.685766123539,1
0.1,88600,443.0,13661.3623585626,13520.946428006166,1
0.1,88700,443.5,13680.0726259579,13536.20708988879,1
0.1,88800,444.0,13696.4269550347,13551.467751771415,1
0.1,88900,444.5,13719.0874193128,13566.728413654042,1
0.1,89000,445.0,13742.6789189753,13581.989075536667,1
0.1,89100,445.5,13769.1921381426,13597.249737419292,1
0.1,89200,446.0,13795.8336309204,13612.510399301918,1
0.1,89300,446.5,13822.0061313837,13627.771061184543,1
0.1,89400,447.0,13844.3890008336,13643.031723067168,1
0.1,89500,447.5,13867.4003481704,13658.292384949795,1
0.1,89600,448.0,13883.4673025037,13673.55304683242,1
0.1,89700,448.5,13901.1420077286,13688.813708715044,1
0.1,89800,449.0,13919.7681594026,13704.074370597671,1
0.1,89900,449.5,13937.1930093461,13719.335032480296,1
0.1,90000,450.0,13955.8934805604,13734.59569436292,1
0.1,90100,450.5,13974.2999295767,13749.856356245547,0
0.1,90200,451.0,13989.1154654926,13765.117018128172,0
0.1,90300,451.5,14006.4491417246,13780.377680010799,0
0.1,90400,452.0,14030.5887693441,13795.638341893424,0
0.1,90500,452.5,14050.630457457,13810.899003776049,0
0.1,90600,453.0,14066.7159506603,13826.159665658675,0
0.1,90700,453.5,14080.0269097827,13841.4203275413,0
0.1,90800,454.0,14094.5246386788,13856.680989423925,0
0.1,90900,454.5,14107.1836128425,13871.941651306552,0
0.1,91000,455.0,14119.4776976034,13887.202313189176,0
0.1,91100,455.5,14131.4253158251,13902.462975071801,0
0.1,91200,456.0,14145.6453759902,13917.723636954428,0
0.1,91300,456.5,14163.1272575395,13932.984298837053,0
0.1,91400,457.0,14185.5157324613,13948.244960719678,0
0.1,91500,457.5,14210.6240578181,13963.505622602304,0
0.1,91600,458.0,14233.3784504842,13978.76628448493,0
0.1,91700,458.5,14257.789647821,13994.026946367554,0
0.1,91800,459.0,14280.8283405863,14009.28760825018,0
0.1,91900,459.5,14302.3431782688,14024.548270132806,0
0.1,92000,460.0,14330.9189182055,14039.80893201543,0
0.1,92100,460.5,14362.4134247306,14055.069593898057,0
0.1,92200,461.0,14390.0618107857,14070.330255780682,0
0.1,92300,461.5,14412.1620913141,14085.590917663307,0
0.1,92400,462.0,14436.035684731,14100.851579545933,0
0.1,92500,462.5,14466.5555971202,14116.112241428558,0
0.1,92600,463.0,14502.4793991024,14131.372903311183,0
0.1,92700,463.5,14537.5273868304,14146.63356519381,0
0.1,92800,464.0,14569.7556162874,14161.894227076435,0
0.1,92900,464.5,14605.1970961216,14177.15488895906,0
0.1,93000,465.0,14633.8754796454,14192.415550841686,0
0.1,93100,465.5,14656.3484978954,14207.676212724311,0
0.1,93200,466.0,14676.4486015628,14222.936874606936,0
0.1,93300,466.5,14695.7897944728,14238.197536489562,0
0.1,93400,467.0,14715.7458946006,14253.458198372187,0
0.1,93500,467.5,14737.3123686667,14268.718860254812,0
0.1,93600,468.0,14756.1820971248,14283.979522137439,0
0.1,93700,468.5,14776.2084084242,14299.240184020064,0
0.1,93800,469.0,14797.3192231839,14314.50084590269,0
0.1,93900,469.5,14815.6287707903,14329.761507785315,0
0.1,94000,470.0,14832.2084179104,14345.02216966794,0
0.1,94100,470.5,14854.4240289223,14360.282831550567,0
0.1,94200,471.0,14875.5342249454,14375.543493433192,0
0.1,94300,471.5,14899.7612008739,14390.804155315816,0
0.1,94400,472.0,14923.2248168993,14406.064817198443,0
0.1,94500,472.5,14940.42914056,14421.325479081068,0
0.1,94600,473.0,14957.9717712187,14436.586140963693,0
0.1,94700,473.5,14980.8914635518,14451.84680284632,0
0.1,94800,474.0,15005.2996908972,14467.107464728944,0
0.1,94900,474.5,15023.7479581031,14482.36812661157,0
0.1,95000,475.0,15045.0497512912,14497.628788494196,0
0.1,95100,475.5,15066.255658799,14512.88945037682,0
0.1,95200,476.0,15084.5645580608,14528.150112259445,0
0.1,95300,476.5,15105.8489824386,14543.410774142072,0
0.1,95400,477.0,15123.7590667714,14558.671436024697,0
0.1,95500,477.5,15138.3596894344,14573.932097907322,0
0.1,95600,478.0,15155.7671404201,14589.192759789948,0
0.1,95700,478.5,15171.9352458443,14604.453421672573,0
0.1,95800,479.0,15200.1031880949,14619.714083555198,0
0.1,95900,479.5,15228.3692905873,14634.974745437825,0
0.1,96000,480.0,15256.9822923165,14650.23540732045,0
0.1,96100,480.5,15284.6615117157,14665.496069203075,0
0.1,96200,481.0,15311.7949339708,14680.756731085701,0
0.1,96300,481.5,15330.6456591548,14696.017392968326,0
0.1,96400,482.0,15341.6559605198,14711.27805485095,0
0.1,96500,482.5,15347.485451611,14726.538716733578,0
0.1,96600,483.0,15354.3145277608,14741.799378616202,0
0.1,96700,483.5,15358.5290989918,14757.060040498827,0
0.1,96800,484.0,15365.2210192638,14772.320702381454,0
0.1,96900,484.5,15378.045391285,14787.581364264079,0
0.1,97000,485.0,15387.0860545753,14802.842026146704,0
0.1,97100,485.5,15389.6952847582,14818.10268802933,0
0.1,97200,486.0,15391.9711968635,14833.363349911955,0
0.1,97300,486.5,15401.2747141726,14848.624011794582,0
0.1,97400,487.0,15419.2418959487,14863.884673677207,0
0.1,97500,487.5,15442.3258450137,14879.145335559831,0
0.1,97600,488.0,15465.7747152717,14894.405997442458,0
0.1,97700,488.5,15488.303507343,14909.666659325083,0
0.1,97800,489.0,15508.7943460076,14924.927321207708,0
0.1,97900,489.5,15525.6324124076,14940.187983090334,0
0.1,98000,490.0,15543.5081816403,14955.44864497296,0
0.1,98100,490.5,15561.0344148007,14970.709306855584,0
0.1,98200,491.0,15582.343909119,14985.96996873821,0
0.1,98300,491.5,15602.6040018772,15001.230630620836,0
0.1,98400,492.0,15624.96637997,15016.49129250346,0
0.1,98500,492.5,15650.4598706397,15031.751954386087,0
0.1,98600,493.0,15669.7795376905,15047.012616268712,0
0.1,98700,493.5,15689.6769807493,15062.273278151337,0
0.1,98800,494.0,15707.7003806603,15077.533940033964,0
0.1,98900,494.5,15726.5148915985,15092.794601916588,0
0.1,99000,495.0,15740.3336241308,15108.055263799213,0
0.1,99100,495.5,15760.6589837778,15123.31592568184,0
0.1,99200,496.0,15782.5914575089,15138.576587564465,0
0.1,99300,496.5,15800.003823994,15153.83724944709,0
0.1,99400,497.0,15822.418408911,15169.097911329716,0
0.1,99500,497.5,15849.6827337434,15184.358573212341,0
0.1,99600,498.0,15881.2083071579,15199.619235094966,0
0.1,99700,498.5,15911.900088814,15214.879896977593,0
0.1,99800,499.0,15940.3639410154,15230.140558860217,0
0.1,99900,499.5,15966.9863008029,15245.401220742842,0
0.1,100000,500.0,15989.1162993088,15260.661882625469,0
0.2,0,0.0,3.76917740514599e-29,0.0,0
0.2,100,0.5,1.30459945126287,7.555775091149069,0
0.2,200,1.0,4.56544472196073,15.111550182298139,0
0.2,300,1.5,9.15582198754415,22.667325273447208,0
0.2,400,2.0,14.4515112048606,30.223100364596277,0
0.2,500,2.5,20.2957124424324,37.77887545574535,0
0.2,600,3.0,26.2444924526622,45.334650546894416,0
0.2,700,3.5,32.7897608550685,52.89042563804348,0
0.2,800,4.0,39.7822437250817,60.446200729192554,0
0.2,900,4.5,46.1103026060463,68.00197582034163,0
0.2,1000,5.0,52.6423939861537,75.5577509114907,0
0.2,1100,5.5,59.3955638246529,83.11352600263976,0
0.2,1200,6.0,66.1719216710656,90.66930109378883,0
0.2,1300,6.5,72.5655595821225,98.2250761849379,0
0.2,1400,7.0,79.2169774087874,105.78085127608696,0
0.2,1500,7.5,86.1592832099547,113.33662636723604,0
0.2,1600,8.0,93.8260498034625,120.89240145838511,0
0.2,1700,8.5,101.864965699535,128.44817654953417,0
0.2,1800,9.0,109.405536027001,136.00395164068325,0
0.2,1900,9.5,116.805520477408,143.5597267318323,0
0.2,2000,10.0,124.571486896316,151.1155018229814,0
0.2,2100,10.5,132.642600411911,158.67127691413046,0
0.2,2200,11.0,140.16122615648,166.22705200527952,0
0.2,2300,11.5,147.81846994075,173.7828270964286,0
0.2,2400,12.0,155.436673499943,181.33860218757766,0
0.2,2500,12.5,162.785611568819,188.89437727872672,0
0.2,2600,13.0,170.64917846852,196.4501523698758,0
0.2,2700,13.5,177.370807034296,204.00592746102487,0
0.2,2800,14.0,184.359195666995,211.56170255217393,0
0.2,2900,14.5,190.5493401419,219.117477643323,0
0.2,3000,15.0,197.34158837259,226.67325273447207,0
0.2,3100,15.5,204.587869534447,234.22902782562116,0
0.2,3200,16.0,211.759692775123,241.78480291677022,0
0.2,3300,16.5,220.104032225919,249.34057800791928,0
0.2,3400,17.0,228.410844745613,256.89635309906834,0
0.2,3500,17.5,235.820736535859,264.4521281902174,0
0.2,3600,18.0,243.325845675845,272.0079032813665,0
0.2,3700,18.5,250.916260339373,279.56367837251554,0
0.2,3800,19.0,258.852034025991,287.1194534636646,0
0.2,3900,19.5,266.768540725956,294.6752285548137,0
0.2,4000,20.0,273.13790388371,302.2310036459628,0
0.2,4100,20.5,280.007975469428,309.78677873711183,0
0.2,4200,21.0,287.161884517473,317.3425538282609,0
0.2,4300,21.5,293.988122455427,324.89832891941,0
0.2,4400,22.0,301.653348593461,332.45410401055904,0
0.2,4500,22.5,310.437080200532,340.0098791017081,0
0.2,4600,23.0,318.114441214503,347.5656541928572,0
0.2,4700,23.5,325.284349668638,355.12142928400624,0
0.2,4800,24.0,331.541123760253,362.6772043751553,0
0.2,4900,24.5,338.183009375319,370.2329794663044,0
0.2,5000,25.0,344.132118281926,377.78875455745344,0
0.2,5100,25.5,349.334137690922,385.34452964860253,0
0.2,5200,26.0,353.886587543892,392.9003047397516,0
0.2,5300,26.5,359.350708814353,400.45607983090065,0
0.2,5400,27.0,364.315968818091,408.01185492204974,0
0.2,5500,27.5,369.805738777318,415.5676300131988,0
0.2,5600,28.0,376.719753985112,423.12340510434785,0
0.2,5700,28.5,384.385766001902,430.67918019549694,0
0.2,5800,29.0,391.66792357903,438.234955286646,0
0.2,5900,29.5,398.554400419042,445.7907303777951,0
0.2,6000,30.0,405.762717914747,453.34650546894414,0
0.2,6100,30.5,412.334705880175,460.90228056009323,0
0.2,6200,31.0,418.894446373003,468.4580556512423,0
0.2,6300,31.5,426.399484619641,476.01383074239135,0
0.2,6400,32.0,434.594251851377,483.56960583354044,0
0.2,6500,32.5,441.980469513813,491.1253809246895,0
0.2,6600,33.0,448.614641410318,498.68115601583855,0
0.2,6700,33.5,456.553334036609,506.23693110698764,0
0.2,6800,34.0,466.022064248519,513.7927061981367,0
0.2,6900,34.5,475.784475625025,521.3484812892858,0
0.2,7000,35.0,485.004237012934,528.9042563804348,0
0.2,7100,35.5,493.224921470695,536.4600314715839,0
0.2,7200,36.0,501.208878358697,544.015806562733,0
0.2,7300,36.5,509.052632653861,551.571581653882,0
0.2,7400,37.0,516.210759670489,559.1273567450311,0
0.2,7500,37.5,522.521756527112,566.6831318361802,0
0.2,7600,38.0,529.715508072606,574.2389069273293,0
0.2,7700,38.5,538.981804382561,581.7946820184783,0
0.2,7800,39.0,547.808500251877,589.3504571096274,0
0.2,7900,39.5,555.794522210698,596.9062322007765,0
0.2,8000,40.0,562.682777588816,604.4620072919256,0
0.2,8100,40.5,568.426035134175,612.0177823830746,0
0.2,8200,41.0,575.339123198152,619.5735574742237,0
0.2,8300,41.5,582.501935067451,627.1293325653728,0
0.2,8400,42.0,590.285478372135,634.6851076565218,0
0.2,8500,42.5,597.22264586985,642.2408827476709,0
0.2,8600,43.0,603.230337832517,649.79665783882,0
0.2,8700,43.5,609.177153488998,657.352432929969,0
0.2,8800,44.0,617.318721140562,664.9082080211181,0
0.2,8900,44.5,624.730187011818,672.4639831122672,0
0.2,9000,45.0,632.499354486089,680.0197582034162,0
0.2,9100,45.5,641.648667453486,687.5755332945653,0
0.2,9200,46.0,651.126546557916,695.1313083857144,0
0.2,9300,46.5,659.517299228555,702.6870834768634,0
0.2,9400,47.0,667.848587532706,710.2428585680125,0
0.2,9500,47.5,675.548347131378,717.7986336591616,0
0.2,9600,48.0,683.194500774426,725.3544087503107,0
0.2,9700,48.5,691.085958183524,732.9101838414597,0
0.2,9800,49.0,701.124237371722,740.4659589326088,0
0.2,9900,49.5,712.492879765285,748.0217340237579,0
0.2,10000,50.0,722.631762494695,755.5775091149069,0
0.2,10100,50.5,733.419693931431,763.133284206056,0
0.2,10200,51.0,741.225780284072,770.6890592972051,0
0.2,10300,51.5,748.992657578215,778.2448343883541,0
0.2,10400,52.0,756.945156262536,785.8006094795032,0
0.2,10500,52.5,768.659827967572,793.3563845706523,0
0.2,10600,53.0,779.543515519586,800.9121596618013,0
0.2,10700,53.5,789.959251053866,808.4679347529504,0
0.2,10800,54.0,799.987787240568,816.0237098440995,0
0.2,10900,54.5,810.068507253616,823.5794849352485,0
0.2,11000,55.0,818.342758856727,831.1352600263976,0
0.2,11100,55.5,827.738896859657,838.6910351175467,0
0.2,11200,56.0,837.206020187102,846.2468102086957,0
0.2,11300,56.5,844.173307329394,853.8025852998448,0
0.2,11400,57.0,849.61362517903,861.3583603909939,0
0.2,11500,57.5,857.983350098203,868.914135482143,0
0.2,11600,58.0,868.369398926255,876.469910573292,0
0.2,11700,58.5,881.709010256097,884.0256856644411,0
0.2,11800,59.0,893.636037167561,891.5814607555902,0
0.2,11900,59.5,904.647264329257,899.1372358467393,0
0.2,12000,60.0,913.285524258626,906.6930109378883,0
0.2,12100,60.5,921.422160684417,914.2487860290374,0
0.2,12200,61.0,928.789061984196,921.8045611201865,0
0.2,12300,61.5,938.482699758396,929.3603362113355,0
0.2,12400,62.0,949.720038459932,936.9161113024846,0
0.2,12500,62.5,962.384176574189,944.4718863936337,0
0.2,12600,63.0,974.970402856577,952.0276614847827,0
0.2,12700,63.5,987.185397930984,959.5834365759318,0
0.2,12800,64.0,999.489627526219,967.1392116670809,0
0.2,12900,64.5,1010.23277061181,974.6949867582299,0
0.2,13000,65.0,1020.88597961149,982.250761849379,0
0.2,13100,65.5,1029.24321407369,989.8065369405281,0
0.2,13200,66.0,1037.60299650672,997.3623120316771,0
0.2,13300,66.5,1045.25764918016,1004.9180871228263,0
0.2,13400,67.0,1053.95060628775,1012.4738622139753,0
0.2,13500,67.5,1063.90219385996,1020.0296373051243,0
0.2,13600,68.0,1072.54578755121,1027.5854123962733,0
0.2,13700,68.5,1079.6412510242,1035.1411874874225,0
0.2,13800,69.0,1087.32517113377,1042.6969625785716,0
0.2,13900,69.5,1098.47572165602,1050.2527376697205,0
0.2,14000,70.0,1108.80620784202,1057.8085127608697,0
0.2,14100,70.5,1118.72884487084,1065.3642878520188,0
0.2,14200,71.0,1128.32677860543,1072.9200629431677,0
0.2,14300,71.5,1138.26238513924,1080.475838034317,0
0.2,14400,72.0,1148.36772741162,1088.031613125466,0
0.2,14500,72.5,1155.25882924781,1095.587388216615,0
0.2,14600,73.0,1160.89399005987,1103.143163307764,0
0.2,14700,73.5,1166.86204295406,1110.6989383989132,0
0.2,14800,74.0,1174.72565589774,1118.2547134900622,0
0.2,14900,74.5,1182.10417190788,1125.8104885812113,0
0.2,15000,75.0,1191.10914424064,1133.3662636723604,0
0.2,15100,75.5,1201.99709358488,1140.9220387635094,0
0.2,15200,76.0,1212.90512118145,1148.4778138546585,0
0.2,15300,76.5,1221.52146158296,1156.0335889458077,0
0.2,15400,77.0,1227.71410724478,1163.5893640369566,0
0.2,15500,77.5,1233.4188075679,1171.1451391281057,0
0.2,15600,78.0,1240.5683362776,1178.7009142192549,0
0.2,15700,78.5,1249.75427868398,1186.2566893104038,0
0.2,15800,79.0,1257.55561709958,1193.812464401553,0
0.2,15900,79.5,1264.21664896221,1201.368239492702,0
0.2,16000,80.0,1271.11623669412,1208.9240145838512,0
0.2,16100,80.5,1276.61102970756,1216.4797896750001,0
0.2,16200,81.0,1283.34431561109,1224.0355647661493,0
0.2,16300,81.5,1288.17551406993,1231.5913398572984,0
0.2,16400,82.0,1292.70694587279,1239.1471149484473,0
0.2,16500,82.5,1300.31295847421,1246.7028900395965,0
0.2,16600,83.0,1305.80817206693,1254.2586651307456,0
0.2,16700,83.5,1313.68018781176,1261.8144402218945,0
0.2,16800,84.0,1320.60197011606,1269.3702153130437,0
0.2,16900,84.5,1327.15281669061,1276.9259904041928,0
0.2,17000,85.0,1332.90368888753,1284.4817654953417,0
0.2,17100,85.5,1340.5396318802,1292.0375405864909,0
0.2,17200,86.0,1346.83583189275,1299.59331567764,0
0.2,17300,86.5,1353.95636326742,1307.149090768789,0
0.2,17400,87.0,1361.77941924841,1314.704865859938,0
0.2,17500,87.5,1368.36539117374,1322.2606409510872,0
0.2,17600,88.0,1376.67139947546,1329.8164160422361,0
0.2,17700,88.5,1386.25031380125,1337.3721911333853,0
0.2,17800,89.0,1394.90636235086,1344.9279662245344,0
0.2,17900,89.5,1406.15023254342,1352.4837413156833,0
0.2,18000,90.0,1415.79364522551,1360.0395164068325,0
0.2,18100,90.5,1424.57135417571,1367.5952914979816,0
0.2,18200,91.0,1434.97988498188,1375.1510665891306,0
0.2,18300,91.5,1446.23474538321,1382.7068416802797,0
0.2,18400,92.0,1458.3693338406,1390.2626167714288,0
0.2,18500,92.5,1470.21006667525,1397.8183918625778,0
0.2,18600,93.0,1478.342502726,1405.374166953727,0
0.2,18700,93.5,1483.14241935914,1412.929942044876,0
0.2,18800,94.0,1489.23742336483,1420.485717136025,0
0.2,18900,94.5,1495.29183583321,1428.041492227174,0
0.2,19000,95.0,1503.0499907714,1435.5972673183232,0
0.2,19100,95.5,1511.82880329293,1443.1530424094722,0
0.2,19200,96.0,1519.02142951832,1450.7088175006213,0
0.2,19300,96.5,1526.06382883121,1458.2645925917705,0
0.2,19400,97.0,1531.67693612371,1465.8203676829194,0
0.2,19500,97.5,1538.67447675845,1473.3761427740685,0
0.2,19600,98.0,1546.21083492659,1480.9319178652177,0
0.2,19700,98.5,1551.68289089992,1488.4876929563666,0
0.2,19800,99.0,1558.24823846847,1496.0434680475157,0
0.2,19900,99.5,1565.59694253287,1503.5992431386649,0
0.2,20000,100.0,1570.95176800961,1511.1550182298138,1
0.2,20100,100.5,1575.3034721017,1518.710793320963,1
0.2,20200,101.0,1580.85377349828,1526.266568412112,1
0.2,20300,101.5,1588.28713672508,1533.822343503261,1
0.2,20400,102.0,1595.11484905906,1541.3781185944101,1
0.2,20500,102.5,1601.04520896713,1548.9338936855593,1
0.2,20600,103.0,1607.36003330048,1556.4896687767082,1
0.2,20700,103.5,1612.14429898867,1564.0454438678573,1
0.2,20800,104.0,1617.42399719909,1571.6012189590065,1
0.2,20900,104.5,1623.85332618216,1579.1569940501554,1
0.2,21000,105.0,1629.21055679923,1586.7127691413045,1
0.2,21100,105.5,1633.51575843452,1594.2685442324537,1
0.2,21200,106.0,1640.10537916416,1601.8243193236026,1
0.2,21300,106.5,1646.71551785074,1609.3800944147517,1
0.2,21400,107.0,1653.89352896467,1616.9358695059009,1
0.2,21500,107.5,1661.45595087549,1624.4916445970498,1
0.2,21600,108.0,1670.48674412394,1632.047419688199,1
0.2,21700,108.5,1680.01236009429,1639.603194779348,1
0.2,21800,109.0,1688.44804328071,1647.158969870497,1
0.2,21900,109.5,1697.5158727113,1654.7147449616461,1
0.2,22000,110.0,1705.33644373689,1662.2705200527953,1
0.2,22100,110.5,1714.51886246245,1669.8262951439442,1
0.2,22200,111.0,1722.68836535654,1677.3820702350934,1
0.2,22300,111.5,1732.50963242642,1684.9378453262425,1
0.2,22400,112.0,1744.44830313012,1692.4936204173914,1
0.2,22500,112.5,1757.80137055918,1700.0493955085406,1
0.2,22600,113.0,1769.70902396741,1707.6051705996897,1
0.2,22700,113.5,1781.77564338545,1715.1609456908388,1
0.2,22800,114.0,1790.47692030258,1722.7167207819878,1
0.2,22900,114.5,1799.46422789159,1730.272495873137,1
0.2,23000,115.0,1808.72049266604,1737.828270964286,1
0.2,23100,115.5,1814.61750253445,1745.384046055435,1
0.2,23200,116.0,1821.81014027238,1752.939821146584,1
0.2,23300,116.5,1833.40736616548,1760.4955962377333,1
0.2,23400,117.0,1841.72321788873,1768.0513713288822,1
0.2,23500,117.5,1846.86532175397,1775.6071464200313,1
0.2,23600,118.0,1850.00895424375,1783.1629215111805,1
0.2,23700,118.5,1853.39232639266,1790.7186966023294,1
0.2,23800,119.0,1861.04958619248,1798.2744716934785,1
0.2,23900,119.5,1870.94613553967,1805.8302467846277,1
0.2,24000,120.0,1879.41773838987,1813.3860218757766,1
0.2,24100,120.5,1886.83902620771,1820.9417969669257,1
0.2,24200,121.0,1894.08478490267,1828.4975720580749,1
0.2,24300,121.5,1901.22034340745,1836.0533471492238,1
0.2,24400,122.0,1909.58105949916,1843.609122240373,1
0.2,24500,122.5,1915.97636369843,1851.164897331522,1
0.2,24600,123.0,1919.88565895143,1858.720672422671,1
0.2,24700,123.5,1924.43187520336,1866.2764475138201,1
0.2,24800,124.0,1929.58306539839,1873.8322226049693,1
0.2,24900,124.5,1937.93727562876,1881.3879976961182,1
0.2,25000,125.0,1948.17957435402,1888.9437727872673,1
0.2,25100,125.5,1961.28767822234,1896.4995478784165,1
0.2,25200,126.0,1972.11927857372,1904.0553229695654,1
0.2,25300,126.5,1984.59919851435,1911.6110980607145,1
0.2,25400,127.0,1996.75217264393,1919.1668731518637,1
0.2,25500,127.5,2009.149371097,1926.7226482430126,1
0.2,25600,128.0,2021.74192255719,1934.2784233341617,1
0.2,25700,128.5,2032.4792433062,1941.834198425311,1
0.2,25800,129.0,2041.1125981003,1949.3899735164598,1
0.2,25900,129.5,2052.6591938904,1956.945748607609,1
0.2,26000,130.0,2064.69028312253,1964.501523698758,1
0.2,26100,130.5,2074.84525719174,1972.057298789907,1
0.2,26200,131.0,2083.43400704798,1979.6130738810562,1
0.2,26300,131.5,2090.07249602381,1987.1688489722053,1
0.2,26400,132.0,2096.67859432524,1994.7246240633542,1
0.2,26500,132.5,2104.89880228488,2002.2803991545034,1
0.2,26600,133.0,2114.06398613873,2009.8361742456525,1
0.2,26700,133.5,2126.87756376713,2017.3919493368014,1
0.2,26800,134.0,2140.05246956343,2024.9477244279506,1
0.2,26900,134.5,2152.23271891343,2032.5034995190997,1
0.2,27000,135.0,2161.70042731997,2040.0592746102486,1
0.2,27100,135.5,2169.75659768113,2047.6150497013978,1
0.2,27200,136.0,2177.72611068755,2055.1708247925467,1
0.2,27300,136.5,2186.26588376788,2062.726599883696,1
0.2,27400,137.0,2196.19799966945,2070.282374974845,1
0.2,27500,137.5,2202.71455070027,2077.838150065994,1
0.2,27600,138.0,2207.17648481376,2085.3939251571433,1
0.2,27700,138.5,2208.5258305335,2092.949700248292,1
0.2,27800,139.0,2210.85767156624,2100.505475339441,1
0.2,27900,139.5,2215.35102049429,2108.0612504305905,1
0.2,28000,140.0,2220.12028545679,2115.6170255217394,1
0.2,28100,140.5,2223.7657537508,2123.1728006128883,1
0.2,28200,141.0,2228.63145564626,2130.7285757040377,1
0.2,28300,141.5,2232.99138346076,2138.2843507951866,1
0.2,28400,142.0,2238.71878195304,2145.8401258863355,1
0.2,28500,142.5,2246.79653366619,2153.395900977485,1
0.2,28600,143.0,2255.1217270372,2160.951676068634,1
0.2,28700,143.5,2264.00978490318,2168.5074511597827,1
0.2,28800,144.0,2275.47284986014,2176.063226250932,1
0.2,28900,144.5,2284.35728065825,2183.619001342081,1
0.2,29000,145.0,2294.29536321461,2191.17477643323,1
0.2,29100,145.5,2301.42870981183,2198.7305515243793,1
0.2,29200,146.0,2307.79497975858,2206.286326615528,1
0.2,29300,146.5,2314.9958063981,2213.842101706677,1
0.2,29400,147.0,2323.04193926452,2221.3978767978265,1
0.2,29500,147.5,2331.80711467209,2228.9536518889754,1
0.2,29600,148.0,2342.92001553515,2236.5094269801243,1
0.2,29700,148.5,2353.15063428442,2244.0652020712737,1
0.2,29800,149.0,2360.19771911136,2251.6209771624226,1
0.2,29900,149.5,2364.10978911179,2259.1767522535715,1
0.2,30000,150.0,2366.39132796189,2266.732527344721,1
0.2,30100,150.5,2370.15463003249,2274.28830243587,1
0.2,30200,151.0,2375.87098568471,2281.8440775270187,1
0.2,30300,151.5,2382.46827370775,2289.399852618168,1
0.2,30400,152.0,2390.18702394942,2296.955627709317,1
0.2,30500,152.5,2403.12072120777,2304.511402800466,1
0.2,30600,153.0,2416.61363352767,2312.0671778916153,1
0.2,30700,153.5,2426.46040753851,2319.622952982764,1
0.2,30800,154.0,2435.84884476466,2327.178728073913,1
0.2,30900,154.5,2442.45245050151,2334.7345031650625,1
0.2,31000,155.0,2446.52862914216,2342.2902782562114,1
0.2,31100,155.5,2452.60143912815,2349.8460533473603,1
0.2,31200,156.0,2458.42797290342,2357.4018284385097,1
0.2,31300,156.5,2460.36553135943,2364.9576035296586,1
0.2,31400,157.0,2465.30063325159,2372.5133786208075,1
0.2,31500,157.5,2469.40344818023,2380.069153711957,1
0.2,31600,158.0,2473.05280725938,2387.624928803106,1
0.2,31700,158.5,2476.98439734814,2395.1807038942547,1
0.2,31800,159.0,2482.36626228937,2402.736478985404,1
0.2,31900,159.5,2487.00015442597,2410.292254076553,1
0.2,32000,160.0,2490.12130503725,2417.8480291677024,1
0.2,32100,160.5,2492.3429001786,2425.4038042588513,1
0.2,32200,161.0,2499.51080280431,2432.9595793500002,1
0.2,32300,161.5,2509.62454048246,2440.5153544411496,1
0.2,32400,162.0,2516.13058468793,2448.0711295322985,1
0.2,32500,162.5,2523.33482473634,2455.6269046234474,1
0.2,32600,163.0,2530.34523143874,2463.182679714597,1
0.2,32700,163.5,2535.70078093936,2470.7384548057457,1
0.2,32800,164.0,2541.39511814992,2478.2942298968946,1
0.2,32900,164.5,2547.36954138088,2485.850004988044,1
0.2,33000,165.0,2556.29624908053,2493.405780079193,1
0.2,33100,165.5,2564.96281647551,2500.961555170342,1
0.2,33200,166.0,2573.45839736439,2508.517330261491,1
0.2,33300,166.5,2580.20150242238,2516.07310535264,1
0.2,33400,167.0,2585.37797811255,2523.628880443789,1
0.2,33500,167.5,2593.18928106685,2531.1846555349384,1
0.2,33600,168.0,2602.33592799637,2538.7404306260873,1
0.2,33700,168.5,2611.66437266616,2546.2962057172363,1
0.2,33800,169.0,2620.85357724778,2553.8519808083856,1
0.2,33900,169.5,2632.60800692871,2561.4077558995345,1
0.2,34000,170.0,2645.33081976448,2568.9635309906835,1
0.2,34100,170.5,2656.12583420612,2576.519306081833,1
0.2,34200,171.0,2667.42161423074,2584.0750811729818,1
0.2,34300,171.5,2681.47958502033,2591.6308562641307,1
0.2,34400,172.0,2690.39225092297,2599.18663135528,1
0.2,34500,172.5,2698.50374930218,2606.742406446429,1
0.2,34600,173.0,2704.86460203094,2614.298181537578,1
0.2,34700,173.5,2710.88217371586,2621.8539566287272,1
0.2,34800,174.0,2717.95463266872,2629.409731719876,1
0.2,34900,174.5,2728.19615125853,2636.965506811025,1
0.2,35000,175.0,2738.51327081169,2644.5212819021745,1
0.2,35100,175.5,2744.58729637161,2652.0770569933234,1
0.2,35200,176.0,2749.8716434111,2659.6328320844723,1
0.2,35300,176.5,2754.51175053795,2667.1886071756217,1
0.2,35400,177.0,2760.76765061252,2674.7443822667706,1
0.2,35500,177.5,2767.4576278475,2682.3001573579195,1
0.2,35600,178.0,2768.41740656139,2689.855932449069,1
0.2,35700,178.5,2772.57906076217,2697.411707540218,1
0.2,35800,179.0,2778.77135425548,2704.9674826313667,1
0.2,35900,179.5,2789.39912843114,2712.523257722516,1
0.2,36000,180.0,2799.936683184,2720.079032813665,1
0.2,36100,180.5,2810.3828405341,2727.634807904814,1
0.2,36200,181.0,2817.52287626723,2735.1905829959633,1
0.2,36300,181.5,2827.37843086878,2742.746358087112,1
0.2,36400,182.0,2841.26567298787,2750.302133178261,1
0.2,36500,182.5,2855.35288987816,2757.8579082694105,1
0.2,36600,183.0,2869.90850975904,2765.4136833605594,1
0.2,36700,183.5,2884.10188046666,2772.9694584517083,1
0.2,36800,184.0,2893.22960254293,2780.5252335428577,1
0.2,36900,184.5,2900.0230236729,2788.0810086340066,1
0.2,37000,185.0,2907.81801693863,2795.6367837251555,1
0.2,37100,185.5,2919.43963476888,2803.192558816305,1
0.2,37200,186.0,2934.25876702079,2810.748333907454,1
0.2,37300,186.5,2947.28467807565,2818.3041089986027,1
0.2,37400,187.0,2961.45388071313,2825.859884089752,1
0.2,37500,187.5,2971.99151919355,2833.415659180901,1
0.2,37600,188.0,2981.66878211617,2840.97143427205,1
0.2,37700,188.5,2992.96539522149,2848.5272093631993,1
0.2,37800,189.0,3005.65520812903,2856.082984454348,1
0.2,37900,189.5,3015.79058856329,2863.638759545497,1
0.2,38000,190.0,3023.20557754888,2871.1945346366465,1
0.2,38100,190.5,3032.11322182689,2878.7503097277954,1
0.2,38200,191.0,3043.34598313977,2886.3060848189443,1
0.2,38300,191.5,3054.23191432186,2893.8618599100937,1
0.2,38400,192.0,3065.44967092395,2901.4176350012426,1
0.2,38500,192.5,3071.06004936354,2908.9734100923915,1
0.2,38600,193.0,3077.80631901207,2916.529185183541,1
0.2,38700,193.5,3085.08340927871,2924.08496027469,1
0.2,38800,194.0,3091.53858564152,2931.6407353658387,1
0.2,38900,194.5,3100.48581555324,2939.196510456988,1
0.2,39000,195.0,3113.24825815053,2946.752285548137,1
0.2,39100,195.5,3125.78580451287,2954.308060639286,1
0.2,39200,196.0,3139.18820556734,2961.8638357304353,1
0.2,39300,196.5,3154.61978788944,2969.4196108215842,1
0.2,39400,197.0,3164.41858846618,2976.975385912733,1
0.2,39500,197.5,3175.53932991599,2984.5311610038825,1
0.2,39600,198.0,3185.3057534033,2992.0869360950314,1
0.2,39700,198.5,3197.17337470042,2999.6427111861803,1
0.2,39800,199.0,3205.69422837826,3007.1984862773297,1
0.2,39900,199.5,3215.56456066539,3014.7542613684786,1
0.2,40000,200.0,3226.64699301147,3022.3100364596276,1
0.2,40100,200.5,3233.98104862619,3029.865811550777,1
0.2,40200,201.0,3238.05440470421,3037.421586641926,1
0.2,40300,201.5,3243.62895676179,3044.9773617330748,1
0.2,40400,202.0,3246.98209219658,3052.533136824224,1
0.2,40500,202.5,3256.29614734954,3060.088911915373,1
0.2,40600,203.0,3268.7602569063,3067.644687006522,1
0.2,40700,203.5,3281.56351010413,3075.2004620976713,1
0.2,40800,204.0,3293.69970570087,3082.7562371888203,1
0.2,40900,204.5,3301.66819485741,3090.312012279969,1
0.2,41000,205.0,3308.52274377814,3097.8677873711185,1
0.2,41100,205.5,3315.98414015554,3105.4235624622675,1
0.2,41200,206.0,3322.56092555799,3112.9793375534164,1
0.2,41300,206.5,3328.78590772603,3120.5351126445657,1
0.2,41400,207.0,3334.91650882459,3128.0908877357147,1
0.2,41500,207.5,3344.41557871901,3135.6466628268636,1
0.2,41600,208.0,3352.90560915562,3143.202437918013,1
0.2,41700,208.5,3358.96709359235,3150.758213009162,1
0.2,41800,209.0,3361.40271327357,3158.313988100311,1
0.2,41900,209.5,3364.19760020476,3165.86976319146,1
0.2,42000,210.0,3365.65527653333,3173.425538282609,1
0.2,42100,210.5,3369.36274163662,3180.981313373758,1
0.2,42200,211.0,3373.56332353758,3188.5370884649074,1
0.2,42300,211.5,3381.3669968533,3196.0928635560563,1
0.2,42400,212.0,3388.87230296565,3203.648638647205,1
0.2,42500,212.5,3395.39069795172,3211.2044137383546,1
0.2,42600,213.0,3403.29037120847,3218.7601888295035,1
0.2,42700,213.5,3413.00822513377,3226.3159639206524,1
0.2,42800,214.0,3421.83891848713,3233.8717390118018,1
0.2,42900,214.5,3429.41001891585,3241.4275141029507,1
0.2,43000,215.0,3437.22578956945,3248.9832891940996,1
0.2,43100,215.5,3445.9989250326,3256.539064285249,1
0.2,43200,216.0,3458.17189069932,3264.094839376398,1
0.2,43300,216.5,3469.23270457016,3271.650614467547,1
0.2,43400,217.0,3473.61805643812,3279.206389558696,1
0.2,43500,217.5,3481.56878410415,3286.762164649845,1
0.2,43600,218.0,3491.57379050302,3294.317939740994,1
0.2,43700,218.5,3500.29063173047,3301.8737148321434,1
0.2,43800,219.0,3504.06110849001,3309.4294899232923,1
0.2,43900,219.5,3509.51234866686,3316.985265014441,1
0.2,44000,220.0,3513.66854938163,3324.5410401055906,1
0.2,44100,220.5,3520.56431311143,3332.0968151967395,1
0.2,44200,221.0,3526.8569301252,3339.6525902878884,1
0.2,44300,221.5,3532.78890422023,3347.208365379038,1
0.2,44400,222.0,3536.25026400639,3354.7641404701867,1
0.2,44500,222.5,3539.32731980683,3362.3199155613356,1
0.2,44600,223.0,3547.36801264486,3369.875690652485,1
0.2,44700,223.5,3555.45390430515,3377.431465743634,1
0.2,44800,224.0,3564.52442795067,3384.987240834783,1
0.2,44900,224.5,3574.57087925278,3392.543015925932,1
0.2,45000,225.0,3582.47113713028,3400.098791017081,1
0.2,45100,225.5,3590.12611759874,3407.6545661082305,1
0.2,45200,226.0,3596.16435635269,3415.2103411993794,1
0.2,45300,226.5,3602.63919762362,3422.7661162905283,1
0.2,45400,227.0,3613.99232374479,3430.3218913816777,1
0.2,45500,227.5,3624.5330463354,3437.8776664728266,1
0.2,45600,228.0,3636.34889523499,3445.4334415639755,1
0.2,45700,228.5,3645.14454406237,3452.989216655125,1
0.2,45800,229.0,3651.52070974014,3460.544991746274,1
0.2,45900,229.5,3656.09660071304,3468.1007668374227,1
0.2,46000,230.0,3662.0128420284,3475.656541928572,1
0.2,46100,230.5,3666.94274826897,3483.212317019721,1
0.2,46200,231.0,3672.67529018896,3490.76809211087,1
0.2,46300,231.5,3676.70638626351,3498.3238672020193,1
0.2,46400,232.0,3681.49189397182,3505.879642293168,1
0.2,46500,232.5,3687.85992080219,3513.435417384317,1
0.2,46600,233.0,3697.53743518766,3520.9911924754665,1
0.2,46700,233.5,3709.1563315155,3528.5469675666154,1
0.2,46800,234.0,3720.93141238658,3536.1027426577643,1
0.2,46900,234.5,3730.70010782062,3543.6585177489137,1
0.2,47000,235.0,3737.10377241498,3551.2142928400626,1
0.2,47100,235.5,3744.75246036648,3558.7700679312115,1
0.2,47200,236.0,3754.55920626163,3566.325843022361,1
0.2,47300,236.5,3763.88920601917,3573.88161811351,1
0.2,47400,237.0,3774.59801824419,3581.4373932046587,1
0.2,47500,237.5,3787.48074445984,3588.993168295808,1
0.2,47600,238.0,3796.90468519147,3596.548943386957,1
0.2,47700,238.5,3803.02323641336,3604.104718478106,1
0.2,47800,239.0,3808.08661090935,3611.6604935692553,1
0.2,47900,239.5,3815.77820136098,3619.2162686604042,1
0.2,48000,240.0,3821.88980207182,3626.772043751553,1
0.2,48100,240.5,3830.19108863161,3634.3278188427025,1
0.2,48200,241.0,3836.28851652542,3641.8835939338514,1
0.2,48300,241.5,3844.25447525695,3649.4393690250004,1
0.2,48400,242.0,3854.66379497253,3656.9951441161497,1
0.2,48500,242.5,3866.93020529099,3664.5509192072986,1
0.2,48600,243.0,3877.62823175944,3672.1066942984476,1
0.2,48700,243.5,3883.50500419299,3679.662469389597,1
0.2,48800,244.0,3887.46695412636,3687.218244480746,1
0.2,48900,244.5,3893.8111830368,3694.7740195718948,1
0.2,49000,245.0,3903.51665523723,3702.329794663044,1
0.2,49100,245.5,3915.76849897204,3709.885569754193,1
0.2,49200,246.0,3927.27848033489,3717.441344845342,1
0.2,49300,246.5,3937.08882325359,3724.9971199364913,1
0.2,49400,247.0,3944.12976915211,3732.5528950276403,1
0.2,49500,247.5,3953.64102328892,3740.108670118789,1
0.2,49600,248.0,3962.23486172255,3747.6644452099385,1
0.2,49700,248.5,3967.72168543346,3755.2202203010875,1
0.2,49800,249.0,3969.30043561329,3762.7759953922364,1
0.2,49900,249.5,3974.73376567196,3770.3317704833858,1
0.2,50000,250.0,3984.04850284011,3777.8875455745347,1
0.2,50100,250.5,3991.62542050038,3785.4433206656836,1
0.2,50200,251.0,3996.08823263233,3792.999095756833,1
0.2,50300,251.5,4000.33299968902,3800.554870847982,1
0.2,50400,252.0,4007.11631032731,3808.110645939131,1
0.2,50500,252.5,4017.27703818191,3815.66642103028,1
0.2,50600,253.0,4028.93069018046,3823.222196121429,1
0.2,50700,253.5,4041.96867711127,3830.777971212578,1
0.2,50800,254.0,4050.14013689094,3838.3337463037274,1
0.2,50900,254.5,4054.76827489554,3845.8895213948763,1
0.2,51000,255.0,4064.09068288413,3853.445296486025,1
0.2,51100,255.5,4070.17235320207,3861.0010715771746,1
0.2,51200,256.0,4071.6547768493,3868.5568466683235,1
0.2,51300,256.5,4073.52947780034,3876.1126217594724,1
0.2,51400,257.0,4077.54730862963,3883.668396850622,1
0.2,51500,257.5,4081.6643323582,3891.2241719417707,1
0.2,51600,258.0,4084.65989061931,3898.7799470329196,1
0.2,51700,258.5,4086.02377185158,3906.335722124069,1
0.2,51800,259.0,4088.68828055688,3913.891497215218,1
0.2,51900,259.5,4091.88001658599,3921.447272306367,1
0.2,52000,260.0,4100.60886646938,3929.003047397516,1
0.2,52100,260.5,4110.86183630665,3936.558822488665,1
0.2,52200,261.0,4117.19382536369,3944.114597579814,1
0.2,52300,261.5,4119.00318543825,3951.6703726709634,1
0.2,52400,262.0,4117.64557103173,3959.2261477621123,1
0.2,52500,262.5,4119.53239198748,3966.781922853261,1
0.2,52600,263.0,4124.04556522819,3974.3376979444106,1
0.2,52700,263.5,4126.04845173489,3981.8934730355595,1
0.2,52800,264.0,4129.80323167173,3989.4492481267084,1
0.2,52900,264.5,4136.00198964265,3997.005023217858,1
0.2,53000,265.0,4141.40717231049,4004.5607983090067,1
0.2,53100,265.5,4146.75093620705,4012.1165734001556,1
0.2,53200,266.0,4149.29608510167,4019.672348491305,1
0.2,53300,266.5,4147.17543099428,4027.228123582454,1
0.2,53400,267.0,4148.55632588913,4034.783898673603,1
0.2,53500,267.5,4152.00182550935,4042.339673764752,1
0.2,53600,268.0,4157.65425288249,4049.895448855901,1
0.2,53700,268.5,4159.75430951603,4057.45122394705,1
0.2,53800,269.0,4162.50835810709,4065.0069990381994,1
0.2,53900,269.5,4167.75611767852,4072.5627741293483,1
0.2,54000,270.0,4177.56068073694,4080.1185492204972,1
0.2,54100,270.5,4185.15773815547,4087.6743243116466,1
0.2,54200,271.0,4193.51433817024,4095.2300994027955,1
0.2,54300,271.5,4202.58523621414,4102.785874493945,1
0.2,54400,272.0,4212.52465811102,4110.341649585093,1
0.2,54500,272.5,4224.84036088204,4117.897424676243,1
0.2,54600,273.0,4237.0265544524,4125.453199767392,1
0.2,54700,273.5,4245.83188722107,4133.008974858541,1
0.2,54800,274.0,4257.27247501397,4140.56474994969,1
0.2,54900,274.5,4268.07127250914,4148.120525040839,1
0.2,55000,275.0,4275.05490817391,4155.676300131988,1
0.2,55100,275.5,4282.58264738188,4163.232075223137,1
0.2,55200,276.0,4291.77364407384,4170.7878503142865,1
0.2,55300,276.5,4295.1682252698,4178.343625405435,1
0.2,55400,277.0,4301.31378245827,4185.899400496584,1
0.2,55500,277.5,4311.46122119385,4193.455175587734,1
0.2,55600,278.0,4323.69344592586,4201.010950678882,1
0.2,55700,278.5,4334.90179137869,4208.566725770032,1
0.2,55800,279.0,4348.66368198714,4216.122500861181,1
0.2,55900,279.5,4361.92554301482,4223.678275952329,1
0.2,56000,280.0,4372.89329370171,4231.234051043479,1
0.2,56100,280.5,4382.53947219706,4238.789826134628,1
0.2,56200,281.0,4392.55365378288,4246.345601225777,1
0.2,56300,281.5,4402.93256412994,4253.901376316926,1
0.2,56400,282.0,4418.01691118572,4261.457151408075,1
0.2,56500,282.5,4432.59100900745,4269.012926499224,1
0.2,56600,283.0,4443.46167804405,4276.568701590373,1
0.2,56700,283.5,4456.26399722937,4284.1244766815225,1
0.2,56800,284.0,4465.68230305184,4291.680251772671,1
0.2,56900,284.5,4472.4648428409,4299.23602686382,1
0.2,57000,285.0,4478.6962070707,4306.79180195497,1
0.2,57100,285.5,4487.99003298009,4314.347577046118,1
0.2,57200,286.0,4494.15293104778,4321.903352137268,1
0.2,57300,286.5,4497.12080866584,4329.459127228417,1
0.2,57400,287.0,4504.57102931666,4337.014902319565,1
0.2,57500,287.5,4514.61418079567,4344.570677410715,1
0.2,57600,288.0,4525.65657690093,4352.126452501864,1
0.2,57700,288.5,4534.42896346336,4359.682227593013,1
0.2,57800,289.0,4545.46006394636,4367.238002684162,1
0.2,57900,289.5,4556.8780428366,4374.793777775311,1
0.2,58000,290.0,4562.74644300008,4382.34955286646,1
0.2,58100,290.5,4567.29173399939,4389.905327957609,1
0.2,58200,291.0,4564.91583494338,4397.461103048759,1
0.2,58300,291.5,4563.53981085447,4405.016878139907,1
0.2,58400,292.0,4566.73899142503,4412.572653231056,1
0.2,58500,292.5,4575.93706616294,4420.128428322206,1
0.2,58600,293.0,4584.67740277945,4427.684203413354,1
0.2,58700,293.5,4591.05169371738,4435.239978504504,1
0.2,58800,294.0,4592.2401707671,4442.795753595653,1
0.2,58900,294.5,4591.15369183071,4450.351528686801,1
0.2,59000,295.0,4591.38359265728,4457.907303777951,1
0.2,59100,295.5,4594.15142418717,4465.4630788691,1
0.2,59200,296.0,4600.59787505392,4473.018853960249,1
0.2,59300,296.5,4608.31611692268,4480.574629051398,1
0.2,59400,297.0,4617.42344057842,4488.130404142547,1
0.2,59500,297.5,4622.21284327978,4495.686179233696,1
0.2,59600,298.0,4626.23345368759,4503.241954324845,1
0.2,59700,298.5,4629.88025099793,4510.797729415995,1
0.2,59800,299.0,4630.88637233213,4518.353504507143,1
0.2,59900,299.5,4628.28799280946,4525.909279598292,1
0.2,60000,300.0,4627.84108372898,4533.465054689442,1
0.2,60100,300.5,4635.20410682605,4541.02082978059,1
0.2,60200,301.0,4644.61006057814,4548.57660487174,1
0.2,60300,301.5,4651.56208997367,4556.132379962889,1
0.2,60400,302.0,4659.42728216608,4563.688155054037,1
0.2,60500,302.5,4668.67164437484,4571.243930145187,1
0.2,60600,303.0,4677.42076896264,4578.799705236336,1
0.2,60700,303.5,4689.5661349154,4586.355480327485,1
0.2,60800,304.0,4707.18245796716,4593.911255418634,1
0.2,60900,304.5,4726.19337562214,4601.467030509783,1
0.2,61000,305.0,4739.63129607096,4609.022805600932,1
0.2,61100,305.5,4751.46322421867,4616.578580692081,1
0.2,61200,306.0,4767.73475497912,4624.134355783231,1
0.2,61300,306.5,4778.96741875463,4631.690130874379,1
0.2,61400,307.0,4784.52446786353,4639.245905965528,1
0.2,61500,307.5,4796.70387533929,4646.801681056678,1
0.2,61600,308.0,4809.49835574592,4654.357456147826,1
0.2,61700,308.5,4821.31651736116,4661.913231238976,1
0.2,61800,309.0,4829.36564573873,4669.469006330125,1
0.2,61900,309.5,4838.56483341853,4677.0247814212735,1
0.2,62000,310.0,4849.04342022763,4684.580556512423,1
0.2,62100,310.5,4858.26633744718,4692.136331603572,1
0.2,62200,311.0,4866.19907535438,4699.692106694721,1
0.2,62300,311.5,4871.82083483537,4707.24788178587,1
0.2,62400,312.0,4879.87467886668,4714.803656877019,1
0.2,62500,312.5,4887.26101893633,4722.359431968168,1
0.2,62600,313.0,4893.64784147517,4729.915207059317,1
0.2,62700,313.5,4902.89143148532,4737.470982150467,1
0.2,62800,314.0,4906.83731596281,4745.026757241615,1
0.2,62900,314.5,4911.91063778924,4752.5825323327645,1
0.2,63000,315.0,4918.58451957561,4760.138307423914,1
0.2,63100,315.5,4923.03266664452,4767.694082515062,1
0.2,63200,316.0,4925.72437729924,4775.249857606212,1
0.2,63300,316.5,4929.90506065012,4782.805632697361,1
0.2,63400,317.0,4929.76199889745,4790.3614077885095,1
0.2,63500,317.5,4931.93181899919,4797.917182879659,1
0.2,63600,318.0,4935.15497380464,4805.472957970808,1
0.2,63700,318.5,4936.72802366423,4813.028733061957,1
0.2,63800,319.0,4942.23532922329,4820.584508153106,1
0.2,63900,319.5,4947.54302536503,4828.140283244255,1
0.2,64000,320.0,4956.4688854363,4835.696058335405,1
0.2,64100,320.5,4964.75695116417,4843.251833426553,1
0.2,64200,321.0,4971.56408787079,4850.807608517703,1
0.2,64300,321.5,4979.65011271894,4858.363383608852,1
0.2,64400,322.0,4988.63453073368,4865.9191587000005,1
0.2,64500,322.5,4998.56690853767,4873.47493379115,1
0.2,64600,323.0,5011.91030854942,4881.030708882299,1
0.2,64700,323.5,5021.97756149774,4888.586483973448,1
0.2,64800,324.0,5030.94197809794,4896.142259064597,1
0.2,64900,324.5,5037.86825303785,4903.698034155746,1
0.2,65000,325.0,5046.43377663237,4911.253809246895,1
0.2,65100,325.5,5050.57179998527,4918.809584338044,1
0.2,65200,326.0,5055.372286351,4926.365359429194,1
0.2,65300,326.5,5061.77338686514,4933.921134520342,1
0.2,65400,327.0,5072.89535237422,4941.4769096114915,1
0.2,65500,327.5,5082.98506394354,4949.032684702641,1
0.2,65600,328.0,5089.82125615258,4956.588459793789,1
0.2,65700,328.5,5097.12306411093,4964.144234884939,1
0.2,65800,329.0,5102.18183884244,4971.700009976088,1
0.2,65900,329.5,5101.45602175322,4979.2557850672365,1
0.2,66000,330.0,5100.56031801972,4986.811560158386,1
0.2,66100,330.5,5103.54757569245,4994.367335249535,1
0.2,66200,331.0,5105.21647293786,5001.923110340684,1
0.2,66300,331.5,5107.05847730339,5009.478885431833,1
0.2,66400,332.0,5108.55265139685,5017.034660522982,1
0.2,66500,332.5,5112.7981855446,5024.590435614131,1
0.2,66600,333.0,5117.97339140675,5032.14621070528,1
0.2,66700,333.5,5127.06922168669,5039.70198579643,1
0.2,66800,334.0,5137.41789332072,5047.257760887578,1
0.2,66900,334.5,5149.62970084233,5054.8135359787275,1
0.2,67000,335.0,5160.77920459788,5062.369311069877,1
0.2,67100,335.5,5170.8035683595,5069.925086161025,1
0.2,67200,336.0,5179.12170888635,5077.480861252175,1
0.2,67300,336.5,5183.18225512855,5085.036636343324,1
0.2,67400,337.0,5190.22020057706,5092.5924114344725,1
0.2,67500,337.5,5194.47098364653,5100.148186525622,1
0.2,67600,338.0,5200.64239137049,5107.703961616771,1
0.2,67700,338.5,5202.69085939429,5115.25973670792,1
0.2,67800,339.0,5206.82215339448,5122.815511799069,1
0.2,67900,339.5,5212.51840575994,5130.3712868902185,1
0.2,68000,340.0,5225.03276889606,5137.927061981367,1
0.2,68100,340.5,5236.25282538871,5145.482837072516,1
0.2,68200,341.0,5247.24212655536,5153.038612163666,1
0.2,68300,341.5,5258.85171386686,5160.594387254814,1
0.2,68400,342.0,5266.50520535925,5168.1501623459635,1
0.2,68500,342.5,5271.98198076404,5175.705937437113,1
0.2,68600,343.0,5274.70667764784,5183.261712528261,1
0.2,68700,343.5,5282.00478293841,5190.817487619411,1
0.2,68800,344.0,5289.17530171218,5198.37326271056,1
0.2,68900,344.5,5297.98472597778,5205.929037801709,1
0.2,69000,345.0,5305.90941680739,5213.484812892858,1
0.2,69100,345.5,5311.99436224242,5221.040587984007,1
0.2,69200,346.0,5324.44425306648,5228.596363075156,1
0.2,69300,346.5,5334.33369803538,5236.152138166305,1
0.2,69400,347.0,5344.11063592842,5243.7079132574545,1
0.2,69500,347.5,5356.74635382515,5251.263688348603,1
0.2,69600,348.0,5369.02965921304,5258.819463439752,1
0.2,69700,348.5,5382.92308409517,5266.375238530902,1
0.2,69800,349.0,5394.0631973174,5273.93101362205,1
0.2,69900,349.5,5398.812821888,5281.4867887131995,1
0.2,70000,350.0,5407.24883237992,5289.042563804349,1
0.2,70100,350.5,5418.38357002012,5296.598338895497,1
0.2,70200,351.0,5427.5729859387,5304.154113986647,1
0.2,70300,351.5,5442.13157697154,5311.709889077796,1
0.2,70400,352.0,5455.45241783206,5319.265664168945,1
0.2,70500,352.5,5464.79177888169,5326.821439260094,1
0.2,70600,353.0,5473.47571225203,5334.377214351243,1
0.2,70700,353.5,5476.33414448068,5341.932989442392,1
0.2,70800,354.0,5480.04332222056,5349.488764533541,1
0.2,70900,354.5,5487.65182270749,5357.0445396246905,1
0.2,71000,355.0,5492.45355737199,5364.600314715839,1
0.2,71100,355.5,5495.62800379127,5372.156089806988,1
0.2,71200,356.0,5499.18585359775,5379.711864898138,1
0.2,71300,356.5,5500.8902855866,5387.267639989286,1
0.2,71400,357.0,5499.2686381782,5394.823415080436,1
0.2,71500,357.5,5502.86385130662,5402.379190171585,1
0.2,71600,358.0,5511.32476898732,5409.934965262733,1
0.2,71700,358.5,5521.08529446108,5417.490740353883,1
0.2,71800,359.0,5536.40885570531,5425.046515445032,1
0.2,71900,359.5,5553.07952889845,5432.602290536181,1
0.2,72000,360.0,5568.31959863399,5440.15806562733,1
0.2,72100,360.5,5581.55859710967,5447.713840718479,1
0.2,72200,361.0,5592.0599080683,5455.269615809628,1
0.2,72300,361.5,5603.58013358349,5462.825390900777,1
0.2,72400,362.0,5611.41512573847,5470.3811659919265,1
0.2,72500,362.5,5616.89084314648,5477.936941083075,1
0.2,72600,363.0,5621.78601656464,5485.492716174224,1
0.2,72700,363.5,5623.19461672597,5493.048491265374,1
0.2,72800,364.0,5629.49242337254,5500.604266356522,1
0.2,72900,364.5,5635.87341222384,5508.160041447672,1
0.2,73000,365.0,5641.24480265516,5515.715816538821,1
0.2,73100,365.5,5646.73123115118,5523.271591629969,1
0.2,73200,366.0,5650.46425905285,5530.827366721119,1
0.2,73300,366.5,5654.17645168584,5538.383141812268,1
0.2,73400,367.0,5655.20322763695,5545.938916903417,1
0.2,73500,367.5,5658.5002329839,5553.494691994566,1
0.2,73600,368.0,5666.92526982315,5561.050467085715,1
0.2,73700,368.5,5670.01026818868,5568.606242176864,1
0.2,73800,369.0,5671.94432706455,5576.162017268013,1
0.2,73900,369.5,5675.18182347861,5583.717792359163,1
0.2,74000,370.0,5685.68077534197,5591.273567450311,1
0.2,74100,370.5,5696.21982151956,5598.82934254146,1
0.2,74200,371.0,5709.7090590204,5606.38511763261,1
0.2,74300,371.5,5721.93264471218,5613.940892723758,1
0.2,74400,372.0,5734.73711926808,5621.496667814908,1
0.2,74500,372.5,5751.51728843669,5629.052442906057,1
0.2,74600,373.0,5766.96998354415,5636.608217997205,1
0.2,74700,373.5,5777.71450025782,5644.163993088355,1
0.2,74800,374.0,5789.52261848341,5651.719768179504,1
0.2,74900,374.5,5799.29574869472,5659.275543270653,1
0.2,75000,375.0,5807.2102145381,5666.831318361802,1
0.2,75100,375.5,5813.94334303817,5674.387093452951,1
0.2,75200,376.0,5822.23199991635,5681.9428685441,1
0.2,75300,376.5,5829.55099471141,5689.498643635249,1
0.2,75400,377.0,5831.09461009129,5697.054418726399,1
0.2,75500,377.5,5834.70188835839,5704.610193817547,1
0.2,75600,378.0,5840.13645171693,5712.165968908696,1
0.2,75700,378.5,5845.93116443336,5719.721743999846,1
0.2,75800,379.0,5851.76664036246,5727.277519090994,1
0.2,75900,379.5,5860.32916055938,5734.833294182144,1
0.2,76000,380.0,5875.45249620366,5742.389069273293,1
0.2,76100,380.5,5891.23621827103,5749.944844364441,1
0.2,76200,381.0,5904.58367665175,5757.500619455591,1
0.2,76300,381.5,5918.39992249746,5765.05639454674,1
0.2,76400,382.0,5930.20608072652,5772.612169637889,1
0.2,76500,382.5,5938.62283621966,5780.167944729038,1
0.2,76600,383.0,5950.12605243783,5787.723719820187,1
0.2,76700,383.5,5961.15028444294,5795.279494911336,1
0.2,76800,384.0,5970.96182912661,5802.835270002485,1
0.2,76900,384.5,5980.87608383872,5810.391045093635,1
0.2,77000,385.0,5992.93790963642,5817.946820184783,1
0.2,77100,385.5,6003.9381711407,5825.502595275932,1
0.2,77200,386.0,6011.94857325077,5833.058370367082,1
0.2,77300,386.5,6022.57416555567,5840.61414545823,1
0.2,77400,387.0,6031.41484642688,5848.16992054938,1
0.2,77500,387.5,6041.12146734506,5855.725695640529,1
0.2,77600,388.0,6049.19703308872,5863.2814707316775,1
0.2,77700,388.5,6052.71009272369,5870.837245822827,1
0.2,77800,389.0,6053.93780168726,5878.393020913976,1
0.2,77900,389.5,6055.18575440004,5885.948796005125,1
0.2,78000,390.0,6063.24361731707,5893.504571096274,1
0.2,78100,390.5,6073.43683905223,5901.060346187423,1
0.2,78200,391.0,6083.6091218326,5908.616121278572,1
0.2,78300,391.5,6093.39652482761,5916.171896369721,1
0.2,78400,392.0,6100.56234402337,5923.727671460871,1
0.2,78500,392.5,6107.83912764651,5931.283446552019,1
0.2,78600,393.0,6118.25269378298,5938.8392216431685,1
0.2,78700,393.5,6132.16873459619,5946.394996734318,1
0.2,78800,394.0,6141.26607556576,5953.950771825466,1
0.2,78900,394.5,6148.67832440878,5961.506546916616,1
0.2,79000,395.0,6152.40211107817,5969.062322007765,1
0.2,79100,395.5,6150.63171886293,5976.6180970989135,1
0.2,79200,396.0,6150.34607114033,5984.173872190063,1
0.2,79300,396.5,6156.30468964917,5991.729647281212,1
0.2,79400,397.0,6168.78614565853,5999.285422372361,1
0.2,79500,397.5,6180.98599366435,6006.84119746351,1
0.2,79600,398.0,6191.3226411887,6014.396972554659,1
0.2,79700,398.5,6201.78392724255,6021.952747645808,1
0.2,79800,399.0,6211.62875534434,6029.508522736957,1
0.2,79900,399.5,6213.66715401105,6037.064297828107,1
0.2,80000,400.0,6217.92408171469,6044.620072919255,1
0.2,80100,400.5,6222.22732066731,6052.1758480104045,1
0.2,80200,401.0,6227.13449538542,6059.731623101554,1
0.2,80300,401.5,6234.78996431045,6067.287398192702,1
0.2,80400,402.0,6248.04529112795,6074.843173283852,1
0.2,80500,402.5,6255.52173960115,6082.398948375001,1
0.2,80600,403.0,6259.35323121948,6089.9547234661495,1
0.2,80700,403.5,6262.56106404334,6097.510498557299,1
0.2,80800,404.0,6263.86921039932,6105.066273648448,1
0.2,80900,404.5,6265.74342598714,6112.622048739597,1
0.2,81000,405.0,6271.38666063157,6120.177823830746,1
0.2,81100,405.5,6278.61158234635,6127.7335989218955,1
0.2,81200,406.0,6285.85318918168,6135.289374013044,1
0.2,81300,406.5,6290.93044411768,6142.845149104193,1
0.2,81400,407.0,6300.99562000252,6150.400924195343,1
0.2,81500,407.5,6312.69781294183,6157.956699286491,1
0.2,81600,408.0,6320.82927126234,6165.5124743776405,1
0.2,81700,408.5,6324.61285737835,6173.06824946879,1
0.2,81800,409.0,6330.7097412194,6180.624024559938,1
0.2,81900,409.5,6338.66983851829,6188.179799651088,1
0.2,82000,410.0,6349.12235016419,6195.735574742237,1
0.2,82100,410.5,6354.45808259859,6203.2913498333855,1
0.2,82200,411.0,6354.92281199842,6210.847124924535,1
0.2,82300,411.5,6357.03089722369,6218.402900015684,1
0.2,82400,412.0,6359.93606282536,6225.958675106833,1
0.2,82500,412.5,6365.22137103937,6233.514450197982,1
0.2,82600,413.0,6369.82752327324,6241.0702252891315,1
0.2,82700,413.5,6371.2127246337,6248.62600038028,1
0.2,82800,414.0,6370.8547868251,6256.181775471429,1
0.2,82900,414.5,6364.83938256377,6263.737550562579,1
0.2,83000,415.0,6364.19890842447,6271.293325653727,1
0.2,83100,415.5,6367.80989421774,6278.8491007448765,1
0.2,83200,416.0,6369.20703945394,6286.404875836026,1
0.2,83300,416.5,6368.06930542116,6293.960650927174,1
0.2,83400,417.0,6367.67250547477,6301.516426018324,1
0.2,83500,417.5,6367.94639443841,6309.072201109473,1
0.2,83600,418.0,6370.4909893188,6316.627976200622,1
0.2,83700,418.5,6375.44445807213,6324.183751291771,1
0.2,83800,419.0,6386.1693461507,6331.73952638292,1
0.2,83900,419.5,6397.37505359129,6339.295301474069,1
0.2,84000,420.0,6402.16161956376,6346.851076565218,1
0.2,84100,420.5,6405.82459745754,6354.4068516563675,1
0.2,84200,421.0,6406.89315222068,6361.962626747516,1
0.2,84300,421.5,6412.74237063377,6369.518401838665,1
0.2,84400,422.0,6420.63043542553,6377.074176929815,1
0.2,84500,422.5,6429.95893934628,6384.629952020963,1
0.2,84600,423.0,6439.00982501213,6392.1857271121125,1
0.2,84700,423.5,6444.6888625705,6399.741502203262,1
0.2,84800,424.0,6444.46411568735,6407.29727729441,1
0.2,84900,424.5,6440.9542314557,6414.85305238556,1
0.2,85000,425.0,6444.3809325766,6422.408827476709,1
0.2,85100,425.5,6448.1565266541,6429.964602567858,1
0.2,85200,426.0,6455.18635648595,6437.520377659007,1
0.2,85300,426.5,6465.44029718962,6445.076152750156,1
0.2,85400,427.0,6478.8732920595,6452.631927841305,1
0.2,85500,427.5,6488.65285578276,6460.187702932454,1
0.2,85600,428.0,6496.91799592483,6467.7434780236035,1
0.2,85700,428.5,6505.82007689009,6475.299253114752,1
0.2,85800,429.0,6514.95767448835,6482.855028205901,1
0.2,85900,429.5,6522.96183371973,6490.410803297051,1
0.2,86000,430.0,6533.94580430004,6497.966578388199,1
0.2,86100,430.5,6549.58169331119,6505.522353479349,1
0.2,86200,431.0,6559.9080313316,6513.078128570498,1
0.2,86300,431.5,6564.3385131991,6520.633903661646,1
0.2,86400,432.0,6567.40221797395,6528.189678752796,1
0.2,86500,432.5,6567.73505389408,6535.745453843945,1
0.2,86600,433.0,6569.15561526319,6543.301228935094,1
0.2,86700,433.5,6573.00336774046,6550.857004026243,1
0.2,86800,434.0,6576.61348926199,6558.412779117392,1
0.2,86900,434.5,6583.70216271816,6565.968554208541,1
0.2,87000,435.0,6596.59450957337,6573.52432929969,1
0.2,87100,435.5,6611.3203111081,6581.08010439084,1
0.2,87200,436.0,6624.09843898352,6588.635879481988,1
0.2,87300,436.5,6639.03122070128,6596.191654573137,1
0.2,87400,437.0,6651.83132545112,6603.747429664287,1
0.2,87500,437.5,6663.02002406736,6611.303204755435,1
0.2,87600,438.0,6671.26621301176,6618.858979846585,1
0.2,87700,438.5,6681.02671278812,6626.414754937734,1
0.2,87800,439.0,6688.51951440383,6633.970530028882,1
0.2,87900,439.5,6699.60733172453,6641.526305120032,1
0.2,88000,440.0,6709.49516830012,6649.082080211181,1
0.2,88100,440.5,6721.05973438443,6656.63785530233,1
0.2,88200,441.0,6728.93038449049,6664.193630393479,1
0.2,88300,441.5,6738.17963653573,6671.749405484628,1
0.2,88400,442.0,6747.67262523548,6679.305180575777,1
0.2,88500,442.5,6750.00307977636,6686.860955666926,1
0.2,88600,443.0,6753.69371253433,6694.416730758076,1
0.2,88700,443.5,6760.09988160243,6701.972505849224,1
0.2,88800,444.0,6766.27660831094,6709.528280940373,1
0.2,88900,444.5,6772.13592563306,6717.084056031523,1
0.2,89000,445.0,6779.91921160985,6724.639831122671,1
0.2,89100,445.5,6787.97487744246,6732.195606213821,1
0.2,89200,446.0,6794.99856329537,6739.75138130497,1
0.2,89300,446.5,6802.79904876781,6747.307156396118,1
0.2,89400,447.0,6811.46090142164,6754.862931487268,1
0.2,89500,447.5,6827.69845343083,6762.418706578417,1
0.2,89600,448.0,6839.17130712317,6769.974481669566,1
0.2,89700,448.5,6848.47616570203,6777.530256760715,1
0.2,89800,449.0,6859.06230878522,6785.086031851864,1
0.2,89900,449.5,6868.67491824932,6792.641806943014,1
0.2,90000,450.0,6880.14176906783,6800.197582034162,1
0.2,90100,450.5,6887.3066856484,6807.753357125312,0
0.2,90200,451.0,6896.12438875561,6815.309132216461,0
0.2,90300,451.5,6904.9562768677,6822.864907307609,0
0.2,90400,452.0,6915.33774284104,6830.420682398759,0
0.2,90500,452.5,6921.22378363124,6837.976457489908,0
0.2,90600,453.0,6929.39377890031,6845.532232581057,0
0.2,90700,453.5,6939.19049630492,6853.088007672206,0
0.2,90800,454.0,6941.85508744869,6860.643782763355,0
0.2,90900,454.5,6943.31474086333,6868.199557854504,0
0.2,91000,455.0,6948.98895470612,6875.755332945653,0
0.2,91100,455.5,6956.02999002339,6883.311108036803,0
0.2,91200,456.0,6961.33143502607,6890.866883127951,0
0.2,91300,456.5,6967.03761278549,6898.4226582191,0
0.2,91400,457.0,6972.64310229825,6905.97843331025,0
0.2,91500,457.5,6981.33576600691,6913.534208401398,0
0.2,91600,458.0,6991.23243824623,6921.089983492548,0
0.2,91700,458.5,7003.43029287057,6928.645758583697,0
0.2,91800,459.0,7019.54911210643,6936.201533674845,0
0.2,91900,459.5,7036.30414905299,6943.757308765995,0
0.2,92000,460.0,7048.58337792955,6951.313083857144,0
0.2,92100,460.5,7060.02020539107,6958.868858948293,0
0.2,92200,461.0,7069.61179459795,6966.424634039442,0
0.2,92300,461.5,7073.43269354973,6973.980409130591,0
0.2,92400,462.0,7077.5108671331,6981.53618422174,0
0.2,92500,462.5,7084.13490329547,6989.091959312889,0
0.2,92600,463.0,7090.98122050824,6996.647734404039,0
0.2,92700,463.5,7100.12109235813,7004.203509495187,0
0.2,92800,464.0,7101.15318542893,7011.759284586336,0
0.2,92900,464.5,7098.47272075232,7019.315059677486,0
0.2,93000,465.0,7095.47501969967,7026.870834768634,0
0.2,93100,465.5,7093.12207343346,7034.426609859784,0
0.2,93200,466.0,7099.44534945937,7041.982384950933,0
0.2,93300,466.5,7107.81515776536,7049.5381600420815,0
0.2,93400,467.0,7126.72058698474,7057.093935133231,0
0.2,93500,467.5,7139.52169392136,7064.64971022438,0
0.2,93600,468.0,7150.49191122435,7072.205485315529,0
0.2,93700,468.5,7158.00648743235,7079.761260406678,0
0.2,93800,469.0,7164.50851827326,7087.317035497827,0
0.2,93900,469.5,7175.07989599663,7094.872810588976,0
0.2,94000,470.0,7186.6058475514,7102.428585680125,0
0.2,94100,470.5,7194.76899696988,7109.984360771275,0
0.2,94200,471.0,7197.53564381996,7117.540135862423,0
0.2,94300,471.5,7193.13327898783,7125.0959109535725,0
0.2,94400,472.0,7191.34682177491,7132.651686044722,0
0.2,94500,472.5,7197.41900669999,7140.20746113587,0
0.2,94600,473.0,7208.59018526488,7147.76323622702,0
0.2,94700,473.5,7216.16273268246,7155.319011318169,0
0.2,94800,474.0,7230.37401201223,7162.8747864093175,0
0.2,94900,474.5,7248.71894288518,7170.430561500467,0
0.2,95000,475.0,7269.57297890537,7177.986336591616,0
0.2,95100,475.5,7291.7453824764,7185.542111682765,0
0.2,95200,476.0,7307.2091372453,7193.097886773914,0
0.2,95300,476.5,7324.49589637145,7200.653661865063,0
0.2,95400,477.0,7337.38355431345,7208.209436956212,0
0.2,95500,477.5,7346.70422069409,7215.765212047361,0
0.2,95600,478.0,7352.90534446207,7223.320987138511,0
0.2,95700,478.5,7352.81061988078,7230.876762229659,0
0.2,95800,479.0,7349.63600428149,7238.4325373208085,0
0.2,95900,479.5,7350.71880688552,7245.988312411958,0
0.2,96000,480.0,7364.72614431086,7253.544087503106,0
0.2,96100,480.5,7372.84040567315,7261.099862594256,0
0.2,96200,481.0,7385.50146794182,7268.655637685405,0
0.2,96300,481.5,7394.77410520658,7276.2114127765535,0
0.2,96400,482.0,7405.14655262485,7283.767187867703,0
0.2,96500,482.5,7417.22102561075,7291.322962958852,0
0.2,96600,483.0,7427.42656541465,7298.878738050001,0
0.2,96700,483.5,7433.89518902651,7306.43451314115,0
0.2,96800,484.0,7444.03895855922,7313.9902882322995,0
0.2,96900,484.5,7451.83736924215,7321.546063323448,0
0.2,97000,485.0,7455.29126204639,7329.101838414597,0
0.2,97100,485.5,7456.76956391051,7336.657613505747,0
0.2,97200,486.0,7457.8009097428,7344.213388596895,0
0.2,97300,486.5,7460.87733486466,7351.7691636880445,0
0.2,97400,487.0,7464.84938449724,7359.324938779194,0
0.2,97500,487.5,7475.02312275791,7366.880713870342,0
0.2,97600,488.0,7484.0199604964,7374.436488961492,0
0.2,97700,488.5,7492.78216258024,7381.992264052641,0
0.2,97800,489.0,7500.17990395359,7389.5480391437895,0
0.2,97900,489.5,7505.44789309031,7397.103814234939,0
0.2,98000,490.0,7505.52075537218,7404.659589326088,0
0.2,98100,490.5,7503.75360678812,7412.215364417237,0
0.2,98200,491.0,7505.06864651905,7419.771139508386,0
0.2,98300,491.5,7505.42236597155,7427.3269145995355,0
0.2,98400,492.0,7507.25370375131,7434.882689690684,0
0.2,98500,492.5,7515.75405668721,7442.438464781833,0
0.2,98600,493.0,7527.28646760676,7449.994239872983,0
0.2,98700,493.5,7532.66493834265,7457.550014964131,0
0.2,98800,494.0,7537.93630588149,7465.1057900552805,0
0.2,98900,494.5,7540.74134248697,7472.66156514643,0
0.2,99000,495.0,7539.61516018293,7480.217340237578,0
0.2,99100,495.5,7545.16130814332,7487.773115328728,0
0.2,99200,496.0,7550.90821409265,7495.328890419877,0
0.2,99300,496.5,7554.22970323022,7502.884665511026,0
0.2,99400,497.0,7557.83820484159,7510.440440602175,0
0.2,99500,497.5,7567.36043092027,7517.996215693324,0
0.2,99600,498.0,7575.04309735915,7525.551990784473,0
0.2,99700,498.5,7577.65444131346,7533.107765875622,0
0.2,99800,499.0,7582.01356568971,7540.6635409667715,0
0.2,99900,499.5,7593.49025528338,7548.21931605792,0
0.2,100000,500.0,7605.31149230868,7555.775091149069,0
0.3,0,0.0,3.86226299196207e-29,0.0,0
0.3,100,0.5,1.23125383232912,4.98745887433798,0
0.3,200,1.0,4.07038336074324,9.97491774867596,0
0.3,300,1.5,7.84149299430495,14.96237662301394,0
0.3,400,2.0,12.0912061588646,19.94983549735192,0
0.3,500,2.5,16.8064863520177,24.9372943716899,0
0.3,600,3.0,21.332323300836,29.92475324602788,0
0.3,700,3.5,25.9754166266356,34.91221212036586,0
0.3,800,4.0,30.5899442596939,39.89967099470384,0
0.3,900,4.5,35.3729453320722,44.88712986904182,0
0.3,1000,5.0,41.5121479737671,49.8745887433798,0
0.3,1100,5.5,47.2907546319964,54.86204761771778,0
0.3,1200,6.0,53.0413388540707,59.84950649205576,0
0.3,1300,6.5,59.0223475170072,64.83696536639374,0
0.3,1400,7.0,64.7980872302706,69.82442424073172,0
0.3,1500,7.5,69.8992345198763,74.8118831150697,0
0.3,1600,8.0,74.6645317128177,79.79934198940768,0
0.3,1700,8.5,79.2820743546795,84.78680086374565,0
0.3,1800,9.0,84.0985852247112,89.77425973808364,0
0.3,1900,9.5,89.1476566736325,94.76171861242162,0
0.3,2000,10.0,93.2032038481437,99.7491774867596,0
0.3,2100,10.5,97.4464314098948,104.73663636109758,0
0.3,2200,11.0,102.18374112113,109.72409523543556,0
0.3,2300,11.5,105.99932681884,114.71155410977354,0
0.3,2400,12.0,110.18042685566,119.69901298411152,0
0.3,2500,12.5,114.611856474348,124.6864718584495,0
0.3,2600,13.0,119.340081057988,129.67393073278748,0
0.3,2700,13.5,123.38792004141,134.66138960712547,0
0.3,2800,14.0,127.319214671569,139.64884848146343,0
0.3,2900,14.5,131.03035021753,144.63630735580142,0
0.3,3000,15.0,134.35812222972,149.6237662301394,0
0.3,3100,15.5,137.822009365478,154.61122510447737,0
0.3,3200,16.0,141.91170155901,159.59868397881536,0
0.3,3300,16.5,145.303076052631,164.58614285315335,0
0.3,3400,17.0,148.789363372102,169.5736017274913,0
0.3,3500,17.5,153.301128522526,174.5610606018293,0
0.3,3600,18.0,157.510161482816,179.5485194761673,0
0.3,3700,18.5,161.607431599598,184.53597835050525,0
0.3,3800,19.0,166.738976086104,189.52343722484324,0
0.3,3900,19.5,171.879287796715,194.51089609918122,0
0.3,4000,20.0,176.14533867853,199.4983549735192,0
0.3,4100,20.5,179.90220243802,204.48581384785717,0
0.3,4200,21.0,184.388493617457,209.47327272219516,0
0.3,4300,21.5,189.102550694367,214.46073159653315,0
0.3,4400,22.0,193.196889959474,219.4481904708711,0
0.3,4500,22.5,198.391307839163,224.4356493452091,0
0.3,4600,23.0,203.412769790971,229.4231082195471,0
0.3,4700,23.5,207.832333280662,234.41056709388505,0
0.3,4800,24.0,211.881825913984,239.39802596822304,0
0.3,4900,24.5,216.385578275419,244.38548484256103,0
0.3,5000,25.0,221.580436447854,249.372943716899,0
0.3,5100,25.5,226.819438455358,254.36040259123698,0
0.3,5200,26.0,232.780908722192,259.34786146557497,0
0.3,5300,26.5,238.49828730041,264.3353203399129,0
0.3,5400,27.0,244.954355090346,269.32277921425094,0
0.3,5500,27.5,250.476444280311,274.3102380885889,0
0.3,5600,28.0,255.359313764958,279.29769696292686,0
0.3,5700,28.5,260.021325575927,284.2851558372649,0
0.3,5800,29.0,265.028487096968,289.27261471160284,0
0.3,5900,29.5,270.731986248141,294.2600735859408,0
0.3,6000,30.0,275.693856046963,299.2475324602788,0
0.3,6100,30.5,282.280681475135,304.2349913346168,0
0.3,6200,31.0,287.789881716895,309.22245020895474,0
0.3,6300,31.5,292.945328830965,314.20990908329276,0
0.3,6400,32.0,298.326619392936,319.1973679576307,0
0.3,6500,32.5,304.095108877954,324.1848268319687,0
0.3,6600,33.0,309.307648134463,329.1722857063067,0
0.3,6700,33.5,312.980478141815,334.15974458064466,0
0.3,6800,34.0,317.394115792663,339.1472034549826,0
0.3,6900,34.5,322.835180459739,344.13466232932063,0
0.3,7000,35.0,328.789031142077,349.1221212036586,0
0.3,7100,35.5,335.170165119355,354.10958007799655,0
0.3,7200,36.0,342.456943022769,359.0970389523346,0
0.3,7300,36.5,349.869028341769,364.08449782667253,0
0.3,7400,37.0,357.341792980712,369.0719567010105,0
0.3,7500,37.5,363.702823135736,374.0594155753485,0
0.3,7600,38.0,368.813997410963,379.04687444968647,0
0.3,7700,38.5,373.797598356963,384.03433332402443,0
0.3,7800,39.0,378.786407436246,389.02179219836245,0
0.3,7900,39.5,384.23665330906,394.0092510727004,0
0.3,8000,40.0,387.884317215573,398.9967099470384,0
0.3,8100,40.5,390.564276392621,403.9841688213764,0
0.3,8200,41.0,393.561122213016,408.97162769571435,0
0.3,8300,41.5,397.515848021177,413.95908657005236,0
0.3,8400,42.0,402.571228511205,418.9465454443903,0
0.3,8500,42.5,408.041717318929,423.9340043187283,0
0.3,8600,43.0,413.003442040514,428.9214631930663,0
0.3,8700,43.5,417.600546107603,433.90892206740426,0
0.3,8800,44.0,422.904242064997,438.8963809417422,0
0.3,8900,44.5,428.912057596819,443.88383981608024,0
0.3,9000,45.0,434.250828525927,448.8712986904182,0
0.3,9100,45.5,438.144590629567,453.85875756475616,0
0.3,9200,46.0,443.094825438197,458.8462164390942,0
0.3,9300,46.5,448.485617478092,463.83367531343214,0
0.3,9400,47.0,452.349948406746,468.8211341877701,0
0.3,9500,47.5,456.183460757003,473.8085930621081,0
0.3,9600,48.0,460.878634201058,478.7960519364461,0
0.3,9700,48.5,465.702373880438,483.78351081078404,0
0.3,9800,49.0,469.935044650584,488.77096968512205,0
0.3,9900,49.5,474.249980869126,493.75842855946,0
0.3,10000,50.0,479.622630725785,498.745887433798,0
0.3,10100,50.5,484.994590948941,503.733346308136,0
0.3,10200,51.0,490.860421138062,508.72080518247395,0
0.3,10300,51.5,497.693969189569,513.7082640568119,0
0.3,10400,52.0,503.893348472758,518.6957229311499,0
0.3,10500,52.5,509.076534712625,523.683181805488,0
0.3,10600,53.0,515.042098494903,528.6706406798259,0
0.3,10700,53.5,519.849947033561,533.6580995541639,0
0.3,10800,54.0,523.636872031061,538.6455584285019,0
0.3,10900,54.5,527.041290109154,543.6330173028398,0
0.3,11000,55.0,531.248268783839,548.6204761771778,0
0.3,11100,55.5,536.065074606098,553.6079350515158,0
0.3,11200,56.0,541.849514411067,558.5953939258537,0
0.3,11300,56.5,548.233248698069,563.5828528001917,0
0.3,11400,57.0,552.49658134335,568.5703116745298,0
0.3,11500,57.5,558.806466243037,573.5577705488677,0
0.3,11600,58.0,565.196829048242,578.5452294232057,0
0.3,11700,58.5,569.68412569116,583.5326882975437,0
0.3,11800,59.0,574.920335156922,588.5201471718816,0
0.3,11900,59.5,580.511755524249,593.5076060462196,0
0.3,12000,60.0,584.825165274663,598.4950649205576,0
0.3,12100,60.5,589.155924489885,603.4825237948955,0
0.3,12200,61.0,594.125800227458,608.4699826692336,0
0.3,12300,61.5,600.664114486377,613.4574415435716,0
0.3,12400,62.0,606.532750207096,618.4449004179095,0
0.3,12500,62.5,609.954752338146,623.4323592922475,0
0.3,12600,63.0,614.056954841335,628.4198181665855,0
0.3,12700,63.5,617.621332408929,633.4072770409234,0
0.3,12800,64.0,620.678003128214,638.3947359152614,0
0.3,12900,64.5,623.954343795194,643.3821947895995,0
0.3,13000,65.0,628.728367695032,648.3696536639374,0
0.3,13100,65.5,634.356666618643,653.3571125382754,0
0.3,13200,66.0,638.72935453621,658.3445714126134,0
0.3,13300,66.5,642.877904317951,663.3320302869513,0
0.3,13400,67.0,646.739236093411,668.3194891612893,0
0.3,13500,67.5,650.266268502305,673.3069480356273,0
0.3,13600,68.0,656.519422051132,678.2944069099652,0
0.3,13700,68.5,663.912958977992,683.2818657843032,0
0.3,13800,69.0,671.609408500223,688.2693246586413,0
0.3,13900,69.5,678.750022665066,693.2567835329792,0
0.3,14000,70.0,685.265551431532,698.2442424073172,0
0.3,14100,70.5,689.686325601816,703.2317012816552,0
0.3,14200,71.0,695.214625824733,708.2191601559931,0
0.3,14300,71.5,699.044084503947,713.2066190303311,0
0.3,14400,72.0,703.389202013521,718.1940779046691,0
0.3,14500,72.5,709.096862851263,723.181536779007,0
0.3,14600,73.0,713.167414207292,728.1689956533451,0
0.3,14700,73.5,719.142109609436,733.1564545276831,0
0.3,14800,74.0,724.64087997256,738.143913402021,0
0.3,14900,74.5,727.749026871411,743.131372276359,0
0.3,15000,75.0,730.652896612469,748.118831150697,0
0.3,15100,75.5,734.379230691895,753.1062900250349,0
0.3,15200,76.0,735.822491743075,758.0937488993729,0
0.3,15300,76.5,737.25588962091,763.081207773711,0
0.3,15400,77.0,741.935420288859,768.0686666480489,0
0.3,15500,77.5,746.561456225347,773.0561255223869,0
0.3,15600,78.0,748.747345629423,778.0435843967249,0
0.3,15700,78.5,750.0514093233,783.0310432710628,0
0.3,15800,79.0,751.067803289005,788.0185021454008,0
0.3,15900,79.5,754.031026721634,793.0059610197388,0
0.3,16000,80.0,758.869035316077,797.9934198940769,0
0.3,16100,80.5,764.09329499257,802.9808787684148,0
0.3,16200,81.0,768.804035419249,807.9683376427528,0
0.3,16300,81.5,772.561085445309,812.9557965170908,0
0.3,16400,82.0,776.528441582723,817.9432553914287,0
0.3,16500,82.5,782.645119397986,822.9307142657667,0
0.3,16600,83.0,789.817271238951,827.9181731401047,0
0.3,16700,83.5,796.282261270502,832.9056320144426,0
0.3,16800,84.0,800.491087440453,837.8930908887806,0
0.3,16900,84.5,803.045239185195,842.8805497631187,0
0.3,17000,85.0,808.202078348223,847.8680086374566,0
0.3,17100,85.5,812.719856085093,852.8554675117946,0
0.3,17200,86.0,818.170754214697,857.8429263861326,0
0.3,17300,86.5,822.249472880829,862.8303852604705,0
0.3,17400,87.0,828.929616223889,867.8178441348085,0
0.3,17500,87.5,835.067398200575,872.8053030091465,0
0.3,17600,88.0,839.288755522675,877.7927618834844,0
0.3,17700,88.5,844.876509919151,882.7802207578225,0
0.3,17800,89.0,849.165838942578,887.7676796321605,0
0.3,17900,89.5,852.607264048345,892.7551385064984,0
0.3,18000,90.0,855.720368052063,897.7425973808364,0
0.3,18100,90.5,859.665535051583,902.7300562551744,0
0.3,18200,91.0,865.511066092969,907.7175151295123,0
0.3,18300,91.5,870.7631727162,912.7049740038503,0
0.3,18400,92.0,874.030601198914,917.6924328781884,0
0.3,18500,92.5,876.005306975955,922.6798917525263,0
0.3,18600,93.0,879.822061258764,927.6673506268643,0
0.3,18700,93.5,884.306520855632,932.6548095012023,0
0.3,18800,94.0,887.098271137493,937.6422683755402,0
0.3,18900,94.5,888.708084331807,942.6297272498782,0
0.3,19000,95.0,890.695120887658,947.6171861242162,0
0.3,19100,95.5,894.196130577468,952.6046449985541,0
0.3,19200,96.0,898.578463561135,957.5921038728922,0
0.3,19300,96.5,903.546575708844,962.5795627472302,0
0.3,19400,97.0,909.996618411173,967.5670216215681,0
0.3,19500,97.5,914.929419511872,972.5544804959061,0
0.3,19600,98.0,920.375337782206,977.5419393702441,0
0.3,19700,98.5,925.145549050061,982.529398244582,0
0.3,19800,99.0,930.827176010728,987.51685711892,0
0.3,19900,99.5,937.785550316669,992.504315993258,0
0.3,20000,100.0,943.757571661388,997.491774867596,1
0.3,20100,100.5,947.88107071573,1002.479233741934,1
0.3,20200,101.0,952.787789419928,1007.466692616272,1
0.3,20300,101.5,957.262002455702,1012.4541514906099,1
0.3,20400,102.0,961.272221220738,1017.4416103649479,1
0.3,20500,102.5,966.351694812264,1022.4290692392859,1
0.3,20600,103.0,971.828659482164,1027.4165281136238,1
0.3,20700,103.5,977.728216181951,1032.4039869879618,1
0.3,20800,104.0,984.079175349264,1037.3914458622999,1
0.3,20900,104.5,990.619379592427,1042.3789047366379,1
0.3,21000,105.0,996.199255769995,1047.366363610976,1
0.3,21100,105.5,1002.52043885314,1052.3538224853137,1
0.3,21200,106.0,1007.9242078541,1057.3412813596517,1
0.3,21300,106.5,1014.03170643469,1062.3287402339897,1
0.3,21400,107.0,1019.80750079201,1067.3161991083277,1
0.3,21500,107.5,1024.27110170312,1072.3036579826658,1
0.3,21600,108.0,1030.31298675581,1077.2911168570038,1
0.3,21700,108.5,1036.68061587753,1082.2785757313416,1
0.3,21800,109.0,1038.27737229751,1087.2660346056796,1
0.3,21900,109.5,1039.44299000972,1092.2534934800176,1
0.3,22000,110.0,1040.27484402073,1097.2409523543556,1
0.3,22100,110.5,1043.9678839887,1102.2284112286936,1
0.3,22200,111.0,1048.46784650908,1107.2158701030316,1
0.3,22300,111.5,1054.56630522118,1112.2033289773694,1
0.3,22400,112.0,1057.45860022616,1117.1907878517075,1
0.3,22500,112.5,1058.42484846048,1122.1782467260455,1
0.3,22600,113.0,1059.67889593749,1127.1657056003835,1
0.3,22700,113.5,1060.85512709619,1132.1531644747215,1
0.3,22800,114.0,1062.68800324356,1137.1406233490595,1
0.3,22900,114.5,1066.32992111686,1142.1280822233973,1
0.3,23000,115.0,1072.65439516725,1147.1155410977353,1
0.3,23100,115.5,1080.53995187613,1152.1029999720733,1
0.3,23200,116.0,1086.21231802222,1157.0904588464114,1
0.3,23300,116.5,1092.69515797755,1162.0779177207494,1
0.3,23400,117.0,1100.55023499079,1167.0653765950874,1
0.3,23500,117.5,1104.95144963975,1172.0528354694252,1
0.3,23600,118.0,1107.94407641425,1177.0402943437632,1
0.3,23700,118.5,1111.05727005982,1182.0277532181012,1
0.3,23800,119.0,1116.03137611217,1187.0152120924392,1
0.3,23900,119.5,1122.16689352614,1192.0026709667773,1
0.3,24000,120.0,1126.46205292923,1196.9901298411153,1
0.3,24100,120.5,1131.931329212,1201.977588715453,1
0.3,24200,121.0,1136.30130287115,1206.965047589791,1
0.3,24300,121.5,1142.35708611141,1211.952506464129,1
0.3,24400,122.0,1148.7679628146,1216.9399653384671,1
0.3,24500,122.5,1153.47536434812,1221.9274242128051,1
0.3,24600,123.0,1156.47380599211,1226.9148830871432,1
0.3,24700,123.5,1160.38978806257,1231.902341961481,1
0.3,24800,124.0,1166.26780019558,1236.889800835819,1
0.3,24900,124.5,1172.54528187247,1241.877259710157,1
0.3,25000,125.0,1179.44973118813,1246.864718584495,1
0.3,25100,125.5,1187.78840450889,1251.852177458833,1
0.3,25200,126.0,1196.93261861402,1256.839636333171,1
0.3,25300,126.5,1202.66374024226,1261.8270952075088,1
0.3,25400,127.0,1204.37005632273,1266.8145540818468,1
0.3,25500,127.5,1208.43836699971,1271.8020129561849,1
0.3,25600,128.0,1211.97123364082,1276.7894718305229,1
0.3,25700,128.5,1214.29108997279,1281.776930704861,1
0.3,25800,129.0,1218.68902176803,1286.764389579199,1
0.3,25900,129.5,1226.56748258623,1291.751848453537,1
0.3,26000,130.0,1234.36352843556,1296.7393073278747,1
0.3,26100,130.5,1241.80070340205,1301.7267662022127,1
0.3,26200,131.0,1249.33033630049,1306.7142250765507,1
0.3,26300,131.5,1256.36840384146,1311.7016839508888,1
0.3,26400,132.0,1263.0939710619,1316.6891428252268,1
0.3,26500,132.5,1266.15246951327,1321.6766016995648,1
0.3,26600,133.0,1270.28721071604,1326.6640605739026,1
0.3,26700,133.5,1272.31444291516,1331.6515194482406,1
0.3,26800,134.0,1273.22959988464,1336.6389783225786,1
0.3,26900,134.5,1275.46979827931,1341.6264371969166,1
0.3,27000,135.0,1276.65862209376,1346.6138960712547,1
0.3,27100,135.5,1279.4349891926,1351.6013549455927,1
0.3,27200,136.0,1282.99269863487,1356.5888138199305,1
0.3,27300,136.5,1285.2139023332,1361.5762726942685,1
0.3,27400,137.0,1288.02683871141,1366.5637315686065,1
0.3,27500,137.5,1291.12426562211,1371.5511904429445,1
0.3,27600,138.0,1294.84692177047,1376.5386493172825,1
0.3,27700,138.5,1295.57298239486,1381.5261081916206,1
0.3,27800,139.0,1300.52652094866,1386.5135670659583,1
0.3,27900,139.5,1307.86389276973,1391.5010259402964,1
0.3,28000,140.0,1314.78156258645,1396.4884848146344,1
0.3,28100,140.5,1319.18162885841,1401.4759436889724,1
0.3,28200,141.0,1322.03698661091,1406.4634025633104,1
0.3,28300,141.5,1325.92911135581,1411.4508614376484,1
0.3,28400,142.0,1330.85834602262,1416.4383203119862,1
0.3,28500,142.5,1335.54993730738,1421.4257791863242,1
0.3,28600,143.0,1341.65780644945,1426.4132380606623,1
0.3,28700,143.5,1344.74889448459,1431.4006969350003,1
0.3,28800,144.0,1346.8074504911,1436.3881558093383,1
0.3,28900,144.5,1349.37312788623,1441.3756146836763,1
0.3,29000,145.0,1352.93883508999,1446.363073558014,1
0.3,29100,145.5,1358.5153262009,1451.350532432352,1
0.3,29200,146.0,1362.95157965318,1456.3379913066901,1
0.3,29300,146.5,1365.14470111022,1461.3254501810281,1
0.3,29400,147.0,1368.17463633921,1466.3129090553662,1
0.3,29500,147.5,1373.63053522313,1471.3003679297042,1
0.3,29600,148.0,1379.45128463071,1476.287826804042,1
0.3,29700,148.5,1385.47117775611,1481.27528567838,1
0.3,29800,149.0,1394.50703066358,1486.262744552718,1
0.3,29900,149.5,1404.05207905047,1491.250203427056,1
0.3,30000,150.0,1410.51483458779,1496.237662301394,1
0.3,30100,150.5,1415.20756806563,1501.225121175732,1
0.3,30200,151.0,1421.49072760244,1506.2125800500698,1
0.3,30300,151.5,1426.03638025641,1511.2000389244079,1
0.3,30400,152.0,1430.42719684034,1516.1874977987459,1
0.3,30500,152.5,1436.47710511309,1521.174956673084,1
0.3,30600,153.0,1441.27215096233,1526.162415547422,1
0.3,30700,153.5,1447.11538061605,1531.14987442176,1
0.3,30800,154.0,1452.33429610234,1536.1373332960977,1
0.3,30900,154.5,1456.65236061838,1541.1247921704357,1
0.3,31000,155.0,1460.40334253677,1546.1122510447738,1
0.3,31100,155.5,1464.61379980367,1551.0997099191118,1
0.3,31200,156.0,1468.71127142515,1556.0871687934498,1
0.3,31300,156.5,1475.11127594273,1561.0746276677878,1
0.3,31400,157.0,1484.79959109387,1566.0620865421256,1
0.3,31500,157.5,1491.82215170925,1571.0495454164636,1
0.3,31600,158.0,1497.52731702278,1576.0370042908016,1
0.3,31700,158.5,1503.92630911705,1581.0244631651397,1
0.3,31800,159.0,1508.47458469446,1586.0119220394777,1
0.3,31900,159.5,1513.21873429535,1590.9993809138157,1
0.3,32000,160.0,1521.60101828777,1595.9868397881537,1
0.3,32100,160.5,1528.78783997294,1600.9742986624915,1
0.3,32200,161.0,1536.50511416167,1605.9617575368295,1
0.3,32300,161.5,1543.34568184453,1610.9492164111675,1
0.3,32400,162.0,1548.80307068225,1615.9366752855055,1
0.3,32500,162.5,1552.37578269624,1620.9241341598436,1
0.3,32600,163.0,1556.2258877869,1625.9115930341816,1
0.3,32700,163.5,1561.96864696389,1630.8990519085194,1
0.3,32800,164.0,1570.33757214701,1635.8865107828574,1
0.3,32900,164.5,1577.77430957624,1640.8739696571954,1
0.3,33000,165.0,1584.63050101207,1645.8614285315334,1
0.3,33100,165.5,1587.28019445079,1650.8488874058714,1
0.3,33200,166.0,1592.99937731505,1655.8363462802095,1
0.3,33300,166.5,1595.30893967301,1660.8238051545472,1
0.3,33400,167.0,1598.19021850214,1665.8112640288853,1
0.3,33500,167.5,1600.77136490038,1670.7987229032233,1
0.3,33600,168.0,1603.61107745542,1675.7861817775613,1
0.3,33700,168.5,1605.78890693266,1680.7736406518993,1
0.3,33800,169.0,1609.10055335139,1685.7610995262373,1
0.3,33900,169.5,1614.42080793251,1690.7485584005751,1
0.3,34000,170.0,1616.59378264486,1695.7360172749131,1
0.3,34100,170.5,1616.00771396459,1700.7234761492512,1
0.3,34200,171.0,1620.32505985992,1705.7109350235892,1
0.3,34300,171.5,1625.93127816868,1710.6983938979272,1
0.3,34400,172.0,1632.00541757893,1715.6858527722652,1
0.3,34500,172.5,1639.57653002938,1720.673311646603,1
0.3,34600,173.0,1645.22165256437,1725.660770520941,1
0.3,34700,173.5,1649.10426727423,1730.648229395279,1
0.3,34800,174.0,1652.95271442469,1735.635688269617,1
0.3,34900,174.5,1656.79041423834,1740.623147143955,1
0.3,35000,175.0,1661.23974629301,1745.610606018293,1
0.3,35100,175.5,1663.82343075627,1750.5980648926309,1
0.3,35200,176.0,1667.45883837902,1755.585523766969,1
0.3,35300,176.5,1673.053370525,1760.572982641307,1
0.3,35400,177.0,1676.959574999,1765.560441515645,1
0.3,35500,177.5,1683.34006215305,1770.547900389983,1
0.3,35600,178.0,1688.49683033895,1775.535359264321,1
0.3,35700,178.5,1690.63976017565,1780.5228181386587,1
0.3,35800,179.0,1689.99180119789,1785.5102770129968,1
0.3,35900,179.5,1691.56025491041,1790.4977358873348,1
0.3,36000,180.0,1694.24768953997,1795.4851947616728,1
0.3,36100,180.5,1695.10026989481,1800.4726536360108,1
0.3,36200,181.0,1699.49779360968,1805.4601125103488,1
0.3,36300,181.5,1704.15692314732,1810.4475713846866,1
0.3,36400,182.0,1707.79784789173,1815.4350302590246,1
0.3,36500,182.5,1713.07628575746,1820.4224891333627,1
0.3,36600,183.0,1718.71928269239,1825.4099480077007,1
0.3,36700,183.5,1723.44193543621,1830.3974068820387,1
0.3,36800,184.0,1727.70411952275,1835.3848657563767,1
0.3,36900,184.5,1732.64186042837,1840.3723246307145,1
0.3,37000,185.0,1739.73171391409,1845.3597835050525,1
0.3,37100,185.5,1746.3680133721,1850.3472423793905,1
0.3,37200,186.0,1753.6938303011,1855.3347012537286,1
0.3,37300,186.5,1761.2742388261,1860.3221601280666,1
0.3,37400,187.0,1767.1323328711,1865.3096190024046,1
0.3,37500,187.5,1773.83965983035,1870.2970778767424,1
0.3,37600,188.0,1779.98359043415,1875.2845367510804,1
0.3,37700,188.5,1786.66574785621,1880.2719956254184,1
0.3,37800,189.0,1793.85951065239,1885.2594544997564,1
0.3,37900,189.5,1800.34428390681,1890.2469133740944,1
0.3,38000,190.0,1805.2955621225,1895.2343722484325,1
0.3,38100,190.5,1813.51821130353,1900.2218311227703,1
0.3,38200,191.0,1821.57217886684,1905.2092899971083,1
0.3,38300,191.5,1826.39396935694,1910.1967488714463,1
0.3,38400,192.0,1830.8237560446,1915.1842077457843,1
0.3,38500,192.5,1834.40367045554,1920.1716666201223,1
0.3,38600,193.0,1839.62851338527,1925.1591254944603,1
0.3,38700,193.5,1846.48637858403,1930.1465843687984,1
0.3,38800,194.0,1850.9299779931,1935.1340432431361,1
0.3,38900,194.5,1856.31984299666,1940.1215021174742,1
0.3,39000,195.0,1860.9179454382,1945.1089609918122,1
0.3,39100,195.5,1867.52432366154,1950.0964198661502,1
0.3,39200,196.0,1874.53269973845,1955.0838787404882,1
0.3,39300,196.5,1880.96707173098,1960.0713376148262,1
0.3,39400,197.0,1888.17686485455,1965.058796489164,1
0.3,39500,197.5,1895.67894699228,1970.046255363502,1
0.3,39600,198.0,1899.62161915039,1975.03371423784,1
0.3,39700,198.5,1903.89928229097,1980.021173112178,1
0.3,39800,199.0,1909.04126555865,1985.008631986516,1
0.3,39900,199.5,1913.13267925628,1989.996090860854,1
0.3,40000,200.0,1914.79160866196,1994.983549735192,1
0.3,40100,200.5,1915.30114458979,1999.97100860953,1
0.3,40200,201.0,1918.6806844495,2004.958467483868,1
0.3,40300,201.5,1924.21608049781,2009.945926358206,1
0.3,40400,202.0,1930.09826038407,2014.933385232544,1
0.3,40500,202.5,1935.33678078191,2019.920844106882,1
0.3,40600,203.0,1939.88953639132,2024.9083029812198,1
0.3,40700,203.5,1946.51701197261,2029.8957618555578,1
0.3,40800,204.0,1953.03943098358,2034.8832207298958,1
0.3,40900,204.5,1959.89773969121,2039.8706796042338,1
0.3,41000,205.0,1966.45871884237,2044.8581384785718,1
0.3,41100,205.5,1972.12288822799,2049.84559735291,1
0.3,41200,206.0,1977.76819419931,2054.8330562272477,1
0.3,41300,206.5,1983.76980643598,2059.820515101586,1
0.3,41400,207.0,1988.93071980129,2064.8079739759237,1
0.3,41500,207.5,1990.73578874411,2069.7954328502615,1
0.3,41600,208.0,1992.26846931365,2074.7828917245997,1
0.3,41700,208.5,1991.30623420287,2079.7703505989375,1
0.3,41800,209.0,1992.27016807199,2084.7578094732758,1
0.3,41900,209.5,1996.24098106199,2089.7452683476135,1
0.3,42000,210.0,2002.85646300306,2094.732727221952,1
0.3,42100,210.5,2008.56326050275,2099.7201860962896,1
0.3,42200,211.0,2011.12974485432,2104.7076449706274,1
0.3,42300,211.5,2011.37365376658,2109.6951038449656,1
0.3,42400,212.0,2015.16991801011,2114.6825627193034,1
0.3,42500,212.5,2021.9016994677,2119.6700215936416,1
0.3,42600,213.0,2029.85663856336,2124.6574804679794,1
0.3,42700,213.5,2034.61938453222,2129.6449393423172,1
0.3,42800,214.0,2037.57298933287,2134.6323982166555,1
0.3,42900,214.5,2044.77052578866,2139.6198570909933,1
0.3,43000,215.0,2050.73893665758,2144.6073159653315,1
0.3,43100,215.5,2057.72486512581,2149.5947748396693,1
0.3,43200,216.0,2064.16922876686,2154.5822337140075,1
0.3,43300,216.5,2068.21861712435,2159.5696925883453,1
0.3,43400,217.0,2073.3912166521,2164.557151462683,1
0.3,43500,217.5,2078.34815280388,2169.5446103370214,1
0.3,43600,218.0,2084.81691386843,2174.532069211359,1
0.3,43700,218.5,2090.32959586586,2179.5195280856974,1
0.3,43800,219.0,2095.71800003499,2184.506986960035,1
0.3,43900,219.5,2098.09380139116,2189.494445834373,1
0.3,44000,220.0,2096.85088916618,2194.481904708711,1
0.3,44100,220.5,2098.89749577415,2199.469363583049,1
0.3,44200,221.0,2097.11570162744,2204.4568224573873,1
0.3,44300,221.5,2095.76847377825,2209.444281331725,1
0.3,44400,222.0,2098.84764007912,2214.4317402060633,1
0.3,44500,222.5,2101.62275495302,2219.419199080401,1
0.3,44600,223.0,2103.0198310228,2224.406657954739,1
0.3,44700,223.5,2104.76816663386,2229.394116829077,1
0.3,44800,224.0,2107.41120016616,2234.381575703415,1
0.3,44900,224.5,2111.09701794253,2239.369034577753,1
0.3,45000,225.0,2117.60894397771,2244.356493452091,1
0.3,45100,225.5,2125.03086205067,2249.343952326429,1
0.3,45200,226.0,2132.68283632504,2254.331411200767,1
0.3,45300,226.5,2139.22959184841,2259.3188700751048,1
0.3,45400,227.0,2144.35639436413,2264.306328949443,1
0.3,45500,227.5,2147.63042820526,2269.293787823781,1
0.3,45600,228.0,2152.27230722649,2274.281246698119,1
0.3,45700,228.5,2157.36699041337,2279.268705572457,1
0.3,45800,229.0,2163.91743142106,2284.2561644467946,1
0.3,45900,229.5,2168.68317809511,2289.243623321133,1
0.3,46000,230.0,2170.02999299697,2294.2310821954707,1
0.3,46100,230.5,2175.65833309971,2299.218541069809,1
0.3,46200,231.0,2180.48975404998,2304.2059999441467,1
0.3,46300,231.5,2189.96041422085,2309.193458818485,1
0.3,46400,232.0,2196.62052465051,2314.1809176928227,1
0.3,46500,232.5,2207.45615966453,2319.1683765671605,1
0.3,46600,233.0,2218.55825017739,2324.1558354414988,1
0.3,46700,233.5,2226.03530665809,2329.1432943158366,1
0.3,46800,234.0,2232.4969847755,2334.130753190175,1
0.3,46900,234.5,2239.52711089627,2339.1182120645126,1
0.3,47000,235.0,2246.17940994551,2344.1056709388504,1
0.3,47100,235.5,2253.58512127962,2349.0931298131886,1
0.3,47200,236.0,2263.12088689069,2354.0805886875264,1
0.3,47300,236.5,2273.67269573737,2359.0680475618647,1
0.3,47400,237.0,2283.35054845976,2364.0555064362024,1
0.3,47500,237.5,2291.04786846829,2369.0429653105407,1
0.3,47600,238.0,2300.28668978642,2374.0304241848785,1
0.3,47700,238.5,2310.21583273632,2379.0178830592163,1
0.3,47800,239.0,2319.17388359144,2384.0053419335545,1
0.3,47900,239.5,2331.12741484375,2388.9928008078923,1
0.3,48000,240.0,2339.67625192319,2393.9802596822306,1
0.3,48100,240.5,2347.27554464638,2398.9677185565683,1
0.3,48200,241.0,2352.54199324794,2403.955177430906,1
0.3,48300,241.5,2356.52701266295,2408.9426363052444,1
0.3,48400,242.0,2358.97452760297,2413.930095179582,1
0.3,48500,242.5,2361.5213473519,2418.9175540539204,1
0.3,48600,243.0,2364.06691512495,2423.905012928258,1
0.3,48700,243.5,2365.130708571,2428.8924718025964,1
0.3,48800,244.0,2365.8692186779,2433.8799306769342,1
0.3,48900,244.5,2366.65011162744,2438.867389551272,1
0.3,49000,245.0,2366.7076296487,2443.8548484256103,1
0.3,49100,245.5,2367.57072531615,2448.842307299948,1
0.3,49200,246.0,2369.55943939798,2453.8297661742863,1
0.3,49300,246.5,2374.76635712059,2458.817225048624,1
0.3,49400,247.0,2375.26462813135,2463.804683922962,1
0.3,49500,247.5,2374.08730265961,2468.7921427973,1
0.3,49600,248.0,2379.06648673324,2473.779601671638,1
0.3,49700,248.5,2383.60532154233,2478.767060545976,1
0.3,49800,249.0,2387.54340984727,2483.754519420314,1
0.3,49900,249.5,2391.11717051609,2488.741978294652,1
0.3,50000,250.0,2390.33801392319,2493.72943716899,1
0.3,50100,250.5,2389.27625126775,2498.716896043328,1
0.3,50200,251.0,2393.62434507394,2503.704354917666,1
0.3,50300,251.5,2397.12307879169,2508.691813792004,1
0.3,50400,252.0,2398.97540134553,2513.679272666342,1
0.3,50500,252.5,2399.69230704871,2518.66673154068,1
0.3,50600,253.0,2404.19653049361,2523.6541904150176,1
0.3,50700,253.5,2407.34652592018,2528.641649289356,1
0.3,50800,254.0,2413.33341588675,2533.6291081636937,1
0.3,50900,254.5,2419.8988664176,2538.616567038032,1
0.3,51000,255.0,2424.15554601875,2543.6040259123697,1
0.3,51100,255.5,2434.13290986695,2548.591484786708,1
0.3,51200,256.0,2443.20145597626,2553.5789436610457,1
0.3,51300,256.5,2450.82314337104,2558.5664025353835,1
0.3,51400,257.0,2455.26512344461,2563.553861409722,1
0.3,51500,257.5,2460.66183105585,2568.5413202840596,1
0.3,51600,258.0,2464.65254375892,2573.528779158398,1
0.3,51700,258.5,2470.25973734791,2578.5162380327356,1
0.3,51800,259.0,2480.65284935407,2583.503696907074,1
0.3,51900,259.5,2489.75760719726,2588.4911557814116,1
0.3,52000,260.0,2497.99243120885,2593.4786146557494,1
0.3,52100,260.5,2507.33693722818,2598.4660735300877,1
0.3,52200,261.0,2510.65923981985,2603.4535324044255,1
0.3,52300,261.5,2514.86106836556,2608.4409912787637,1
0.3,52400,262.0,2519.56284972449,2613.4284501531015,1
0.3,52500,262.5,2525.88628779193,2618.4159090274393,1
0.3,52600,263.0,2532.93203354788,2623.4033679017775,1
0.3,52700,263.5,2540.65038127544,2628.3908267761153,1
0.3,52800,264.0,2547.87155168574,2633.3782856504536,1
0.3,52900,264.5,2553.08671533477,2638.3657445247914,1
0.3,53000,265.0,2556.67562515667,2643.3532033991296,1
0.3,53100,265.5,2560.33539165743,2648.3406622734674,1
0.3,53200,266.0,2560.41040782816,2653.328121147805,1
0.3,53300,266.5,2564.79392412826,2658.3155800221434,1
0.3,53400,267.0,2572.21634083011,2663.303038896481,1
0.3,53500,267.5,2578.89091857244,2668.2904977708195,1
0.3,53600,268.0,2584.52879241995,2673.2779566451572,1
0.3,53700,268.5,2592.93386044043,2678.265415519495,1
0.3,53800,269.0,2596.12943973044,2683.2528743938333,1
0.3,53900,269.5,2596.93259500533,2688.240333268171,1
0.3,54000,270.0,2599.20097904204,2693.2277921425093,1
0.3,54100,270.5,2603.14840838645,2698.215251016847,1
0.3,54200,271.0,2607.10131949473,2703.2027098911853,1
0.3,54300,271.5,2610.04938488552,2708.190168765523,1
0.3,54400,272.0,2616.55080199604,2713.177627639861,1
0.3,54500,272.5,2621.58114254686,2718.165086514199,1
0.3,54600,273.0,2626.51647052097,2723.152545388537,1
0.3,54700,273.5,2629.99431752341,2728.140004262875,1
0.3,54800,274.0,2637.84292327053,2733.127463137213,1
0.3,54900,274.5,2642.67905848461,2738.114922011551,1
0.3,55000,275.0,2645.09133719245,2743.102380885889,1
0.3,55100,275.5,2648.40795495531,2748.089839760227,1
0.3,55200,276.0,2654.32375971678,2753.077298634565,1
0.3,55300,276.5,2661.28991345786,2758.064757508903,1
0.3,55400,277.0,2665.37598923543,2763.052216383241,1
0.3,55500,277.5,2669.48488832873,2768.039675257579,1
0.3,55600,278.0,2672.98659309872,2773.0271341319167,1
0.3,55700,278.5,2680.23135007482,2778.014593006255,1
0.3,55800,279.0,2686.40406740445,2783.0020518805927,1
0.3,55900,279.5,2691.59646429355,2787.989510754931,1
0.3,56000,280.0,2699.98810569161,2792.9769696292688,1
0.3,56100,280.5,2706.1362120146,2797.9644285036065,1
0.3,56200,281.0,2710.39016722286,2802.951887377945,1
0.3,56300,281.5,2716.79082984281,2807.9393462522826,1
0.3,56400,282.0,2723.62458511822,2812.926805126621,1
0.3,56500,282.5,2727.68427631021,2817.9142640009586,1
0.3,56600,283.0,2733.7688838681,2822.901722875297,1
0.3,56700,283.5,2737.38134116689,2827.8891817496346,1
0.3,56800,284.0,2737.55510823527,2832.8766406239724,1
0.3,56900,284.5,2745.06449759622,2837.8640994983107,1
0.3,57000,285.0,2749.76482022568,2842.8515583726485,1
0.3,57100,285.5,2752.53915665242,2847.8390172469867,1
0.3,57200,286.0,2756.14592981431,2852.8264761213245,1
0.3,57300,286.5,2761.74788180178,2857.8139349956623,1
0.3,57400,287.0,2766.6233103341,2862.8013938700005,1
0.3,57500,287.5,2772.0246000401,2867.7888527443383,1
0.3,57600,288.0,2775.37542794433,2872.7763116186766,1
0.3,57700,288.5,2776.31932306177,2877.7637704930144,1
0.3,57800,289.0,2780.90006373629,2882.7512293673526,1
0.3,57900,289.5,2787.32250479621,2887.7386882416904,1
0.3,58000,290.0,2795.12104588823,2892.726147116028,1
0.3,58100,290.5,2797.5947911341,2897.7136059903664,1
0.3,58200,291.0,2802.1614190734,2902.701064864704,1
0.3,58300,291.5,2809.88061573232,2907.6885237390425,1
0.3,58400,292.0,2815.54113683867,2912.6759826133803,1
0.3,58500,292.5,2819.23969078379,2917.6634414877185,1
0.3,58600,293.0,2818.58869514817,2922.6509003620563,1
0.3,58700,293.5,2819.37938729835,2927.638359236394,1
0.3,58800,294.0,2826.5524702448,2932.6258181107323,1
0.3,58900,294.5,2831.77065093337,2937.61327698507,1
0.3,59000,295.0,2840.35431018171,2942.6007358594084,1
0.3,59100,295.5,2849.0123725091,2947.588194733746,1
0.3,59200,296.0,2857.34215741619,2952.575653608084,1
0.3,59300,296.5,2860.38174408913,2957.563112482422,1
0.3,59400,297.0,2861.7251236097,2962.55057135676,1
0.3,59500,297.5,2862.85806772182,2967.538030231098,1
0.3,59600,298.0,2864.74726248417,2972.525489105436,1
0.3,59700,298.5,2867.44044089249,2977.5129479797743,1
0.3,59800,299.0,2871.28703319054,2982.500406854112,1
0.3,59900,299.5,2876.872508407,2987.48786572845,1
0.3,60000,300.0,2881.83135795217,2992.475324602788,1
0.3,60100,300.5,2888.69324495759,2997.462783477126,1
0.3,60200,301.0,2894.37545431715,3002.450242351464,1
0.3,60300,301.5,2904.01563401555,3007.437701225802,1
0.3,60400,302.0,2914.30774513334,3012.4251601001397,1
0.3,60500,302.5,2919.578129919,3017.412618974478,1
0.3,60600,303.0,2923.37870841878,3022.4000778488157,1
0.3,60700,303.5,2927.40482097671,3027.387536723154,1
0.3,60800,304.0,2929.67543365187,3032.3749955974918,1
0.3,60900,304.5,2935.7049902819,3037.36245447183,1
0.3,61000,305.0,2942.48221907644,3042.349913346168,1
0.3,61100,305.5,2948.34901359144,3047.3373722205056,1
0.3,61200,306.0,2953.84903471907,3052.324831094844,1
0.3,61300,306.5,2955.22599249052,3057.3122899691816,1
0.3,61400,307.0,2965.38452096403,3062.29974884352,1
0.3,61500,307.5,2974.41475201676,3067.2872077178577,1
0.3,61600,308.0,2974.25173726955,3072.2746665921954,1
0.3,61700,308.5,2976.28151793818,3077.2621254665337,1
0.3,61800,309.0,2983.25590398203,3082.2495843408715,1
0.3,61900,309.5,2989.04947351604,3087.2370432152097,1
0.3,62000,310.0,2997.46937407,3092.2245020895475,1
0.3,62100,310.5,3006.89276982209,3097.2119609638858,1
0.3,62200,311.0,3020.32024567306,3102.1994198382235,1
0.3,62300,311.5,3031.94344540588,3107.1868787125613,1
0.3,62400,312.0,3038.98901248157,3112.1743375868996,1
0.3,62500,312.5,3043.35565072548,3117.1617964612374,1
0.3,62600,313.0,3044.34662770635,3122.1492553355756,1
0.3,62700,313.5,3046.35566327332,3127.1367142099134,1
0.3,62800,314.0,3047.61041551478,3132.124173084251,1
0.3,62900,314.5,3051.22920051563,3137.1116319585894,1
0.3,63000,315.0,3056.40178341973,3142.0990908329272,1
0.3,63100,315.5,3064.12384809384,3147.0865497072655,1
0.3,63200,316.0,3068.92789181928,3152.0740085816033,1
0.3,63300,316.5,3070.17447187351,3157.0614674559415,1
0.3,63400,317.0,3075.41891464489,3162.0489263302793,1
0.3,63500,317.5,3082.1344591466,3167.036385204617,1
0.3,63600,318.0,3086.85173027471,3172.0238440789553,1
0.3,63700,318.5,3093.73303465938,3177.011302953293,1
0.3,63800,319.0,3100.44123691095,3181.9987618276314,1
0.3,63900,319.5,3109.90306367748,3186.986220701969,1
0.3,64000,320.0,3117.8280931232,3191.9736795763074,1
0.3,64100,320.5,3122.75444469349,3196.961138450645,1
0.3,64200,321.0,3125.20092677886,3201.948597324983,1
0.3,64300,321.5,3126.95312144854,3206.9360561993212,1
0.3,64400,322.0,3127.97148699116,3211.923515073659,1
0.3,64500,322.5,3133.6455649102,3216.9109739479973,1
0.3,64600,323.0,3137.74358384243,3221.898432822335,1
0.3,64700,323.5,3141.68276465756,3226.885891696673,1
0.3,64800,324.0,3146.50347850811,3231.873350571011,1
0.3,64900,324.5,3151.11805265945,3236.860809445349,1
0.3,65000,325.0,3158.22155420116,3241.848268319687,1
0.3,65100,325.5,3167.01312408935,3246.835727194025,1
0.3,65200,326.0,3175.66902075737,3251.823186068363,1
0.3,65300,326.5,3183.22377960063,3256.810644942701,1
0.3,65400,327.0,3188.56462153,3261.7981038170387,1
0.3,65500,327.5,3191.04514992748,3266.785562691377,1
0.3,65600,328.0,3194.51248747293,3271.7730215657148,1
0.3,65700,328.5,3197.90328022283,3276.760480440053,1
0.3,65800,329.0,3201.2945307301,3281.747939314391,1
0.3,65900,329.5,3206.02640623785,3286.7353981887286,1
0.3,66000,330.0,3212.68225857513,3291.722857063067,1
0.3,66100,330.5,3219.9416281752,3296.7103159374046,1
0.3,66200,331.0,3229.16175762542,3301.697774811743,1
0.3,66300,331.5,3237.96938871167,3306.6852336860807,1
0.3,66400,332.0,3250.07657926949,3311.672692560419,1
0.3,66500,332.5,3255.72899847384,3316.6601514347567,1
0.3,66600,333.0,3262.44838135526,3321.6476103090945,1
0.3,66700,333.5,3263.65541784214,3326.6350691834327,1
0.3,66800,334.0,3267.57067128942,3331.6225280577705,1
0.3,66900,334.5,3274.69065907065,3336.6099869321088,1
0.3,67000,335.0,3277.22867532222,3341.5974458064466,1
0.3,67100,335.5,3275.88431982827,3346.5849046807843,1
0.3,67200,336.0,3274.87282093002,3351.5723635551226,1
0.3,67300,336.5,3276.88368592958,3356.5598224294604,1
0.3,67400,337.0,3280.13055982771,3361.5472813037986,1
0.3,67500,337.5,3286.60194679939,3366.5347401781364,1
0.3,67600,338.0,3290.75860010888,3371.5221990524747,1
0.3,67700,338.5,3297.86066960436,3376.5096579268125,1
0.3,67800,339.0,3305.31082460186,3381.4971168011502,1
0.3,67900,339.5,3307.48763418081,3386.4845756754885,1
0.3,68000,340.0,3307.14359210499,3391.4720345498263,1
0.3,68100,340.5,3308.45624051905,3396.4594934241645,1
0.3,68200,341.0,3310.9450018498,3401.4469522985023,1
0.3,68300,341.5,3315.78921300771,3406.43441117284,1
0.3,68400,342.0,3318.76567802295,3411.4218700471783,1
0.3,68500,342.5,3321.48106208025,3416.409328921516,1
0.3,68600,343.0,3328.83958485469,3421.3967877958544,1
0.3,68700,343.5,3337.02429201142,3426.384246670192,1
0.3,68800,344.0,3341.27171565621,3431.3717055445304,1
0.3,68900,344.5,3347.22048674218,3436.359164418868,1
0.3,69000,345.0,3354.91878748428,3441.346623293206,1
0.3,69100,345.5,3361.93831932644,3446.3340821675442,1
0.3,69200,346.0,3370.32895316933,3451.321541041882,1
0.3,69300,346.5,3379.06536637546,3456.3089999162203,1
0.3,69400,347.0,3387.12439291264,3461.296458790558,1
0.3,69500,347.5,3395.06669671565,3466.283917664896,1
0.3,69600,348.0,3400.74405528465,3471.271376539234,1
0.3,69700,348.5,3407.38271527867,3476.258835413572,1
0.3,69800,349.0,3415.25703418181,3481.24629428791,1
0.3,69900,349.5,3427.3513324155,3486.233753162248,1
0.3,70000,350.0,3435.55620619377,3491.221212036586,1
0.3,70100,350.5,3434.17225708305,3496.208670910924,1
0.3,70200,351.0,3435.58346661263,3501.1961297852617,1
0.3,70300,351.5,3438.81231098372,3506.1835886596,1
0.3,70400,352.0,3442.22398348084,3511.171047533938,1
0.3,70500,352.5,3445.24345484547,3516.158506408276,1
0.3,70600,353.0,3446.64602683347,3521.145965282614,1
0.3,70700,353.5,3448.77354500367,3526.133424156952,1
0.3,70800,354.0,3455.60017911336,3531.12088303129,1
0.3,70900,354.5,3463.30204888836,3536.1083419056276,1
0.3,71000,355.0,3470.00635660102,3541.095800779966,1
0.3,71100,355.5,3472.40799981495,3546.0832596543037,1
0.3,71200,356.0,3478.6427753209,3551.070718528642,1
0.3,71300,356.5,3484.97225128352,3556.0581774029797,1
0.3,71400,357.0,3489.0964046833,3561.0456362773175,1
0.3,71500,357.5,3492.56499246586,3566.0330951516557,1
0.3,71600,358.0,3500.62519500479,3571.0205540259935,1
0.3,71700,358.5,3506.92851142007,3576.008012900332,1
0.3,71800,359.0,3509.70993107607,3580.9954717746696,1
0.3,71900,359.5,3511.93025861253,3585.982930649008,1
0.3,72000,360.0,3517.70634905855,3590.9703895233456,1
0.3,72100,360.5,3523.59785980886,3595.9578483976834,1
0.3,72200,361.0,3529.46876341089,3600.9453072720216,1
0.3,72300,361.5,3535.66697983206,3605.9327661463594,1
0.3,72400,362.0,3541.00672183476,3610.9202250206977,1
0.3,72500,362.5,3547.56453471477,3615.9076838950355,1
0.3,72600,363.0,3557.31508573267,3620.8951427693733,1
0.3,72700,363.5,3563.63339161446,3625.8826016437115,1
0.3,72800,364.0,3568.12434241735,3630.8700605180493,1
0.3,72900,364.5,3575.29074856371,3635.8575193923875,1
0.3,73000,365.0,3578.92728988446,3640.8449782667253,1
0.3,73100,365.5,3583.93883736655,3645.8324371410636,1
0.3,73200,366.0,3587.36362777674,3650.8198960154014,1
0.3,73300,366.5,3592.74873930026,3655.807354889739,1
0.3,73400,367.0,3597.89820497742,3660.7948137640774,1
0.3,73500,367.5,3602.41576403405,3665.782272638415,1
0.3,73600,368.0,3608.95954418003,3670.7697315127534,1
0.3,73700,368.5,3617.15486712344,3675.757190387091,1
0.3,73800,369.0,3626.12356567608,3680.744649261429,1
0.3,73900,369.5,3634.12634422173,3685.7321081357672,1
0.3,74000,370.0,3637.95740419656,3690.719567010105,1
0.3,74100,370.5,3644.25837946074,3695.7070258844433,1
0.3,74200,371.0,3652.19548910558,3700.694484758781,1
0.3,74300,371.5,3658.96513644074,3705.6819436331193,1
0.3,74400,372.0,3663.20173115799,3710.669402507457,1
0.3,74500,372.5,3663.95929648494,3715.656861381795,1
0.3,74600,373.0,3667.69974588268,3720.644320256133,1
0.3,74700,373.5,3673.45369840833,3725.631779130471,1
0.3,74800,374.0,3675.05313629256,3730.619238004809,1
0.3,74900,374.5,3678.35357509563,3735.606696879147,1
0.3,75000,375.0,3679.16627522856,3740.5941557534848,1
0.3,75100,375.5,3679.30560817122,3745.581614627823,1
0.3,75200,376.0,3680.77044278172,3750.569073502161,1
0.3,75300,376.5,3686.42750826551,3755.556532376499,1
0.3,75400,377.0,3692.3055555829,3760.543991250837,1
0.3,75500,377.5,3695.39624436884,3765.531450125175,1
0.3,75600,378.0,3701.55785682486,3770.518908999513,1
0.3,75700,378.5,3709.20998736705,3775.5063678738506,1
0.3,75800,379.0,3717.67592873837,3780.493826748189,1
0.3,75900,379.5,3726.53115446624,3785.4812856225267,1
0.3,76000,380.0,3734.48466180583,3790.468744496865,1
0.3,76100,380.5,3741.80743606425,3795.4562033712027,1
0.3,76200,381.0,3756.24632482118,3800.4436622455405,1
0.3,76300,381.5,3766.95402745147,3805.4311211198788,1
0.3,76400,382.0,3774.05111594846,3810.4185799942165,1
0.3,76500,382.5,3783.12692606669,3815.406038868555,1
0.3,76600,383.0,3788.90779158624,3820.3934977428926,1
0.3,76700,383.5,3793.25328362166,3825.380956617231,1
0.3,76800,384.0,3794.83237615935,3830.3684154915686,1
0.3,76900,384.5,3799.63179345417,3835.3558743659064,1
0.3,77000,385.0,3804.65893912446,3840.3433332402446,1
0.3,77100,385.5,3807.2936952638,3845.3307921145824,1
0.3,77200,386.0,3812.91830992865,3850.3182509889207,1
0.3,77300,386.5,3818.52163686341,3855.3057098632585,1
0.3,77400,387.0,3819.92669572064,3860.2931687375967,1
0.3,77500,387.5,3820.37596967179,3865.2806276119345,1
0.3,77600,388.0,3815.42640542036,3870.2680864862723,1
0.3,77700,388.5,3814.34548849969,3875.2555453606105,1
0.3,77800,389.0,3819.0818480074,3880.2430042349483,1
0.3,77900,389.5,3828.70668774162,3885.2304631092866,1
0.3,78000,390.0,3836.73698397654,3890.2179219836244,1
0.3,78100,390.5,3842.75209387943,3895.205380857962,1
0.3,78200,391.0,3848.85360610104,3900.1928397323004,1
0.3,78300,391.5,3854.88609381104,3905.180298606638,1
0.3,78400,392.0,3859.02897841018,3910.1677574809764,1
0.3,78500,392.5,3861.89842107656,3915.155216355314,1
0.3,78600,393.0,3865.97615779173,3920.1426752296525,1
0.3,78700,393.5,3869.63611157177,3925.1301341039903,1
0.3,78800,394.0,3871.64358620929,3930.117592978328,1
0.3,78900,394.5,3871.1925941461,3935.1050518526663,1
0.3,79000,395.0,3869.67763059652,3940.092510727004,1
0.3,79100,395.5,3869.71959558608,3945.0799696013423,1
0.3,79200,396.0,3870.76788472388,3950.06742847568,1
0.3,79300,396.5,3875.51077665541,3955.054887350018,1
0.3,79400,397.0,3881.0517813205,3960.042346224356,1
0.3,79500,397.5,3888.0319339892,3965.029805098694,1
0.3,79600,398.0,3891.98141691561,3970.017263973032,1
0.3,79700,398.5,3897.04788529876,3975.00472284737,1
0.3,79800,399.0,3902.79381971703,3979.992181721708,1
0.3,79900,399.5,3909.62876692165,3984.979640596046,1
0.3,80000,400.0,3915.65521687512,3989.967099470384,1
0.3,80100,400.5,3923.14511078464,3994.954558344722,1
0.3,80200,401.0,3925.59795822743,3999.94201721906,1
0.3,80300,401.5,3923.01632278616,4004.929476093398,1
0.3,80400,402.0,3920.50828305172,4009.916934967736,1
0.3,80500,402.5,3919.78093882485,4014.9043938420737,1
0.3,80600,403.0,3920.79193549525,4019.891852716412,1
0.3,80700,403.5,3925.34559653787,4024.8793115907497,1
0.3,80800,404.0,3933.76483123075,4029.866770465088,1
0.3,80900,404.5,3941.75582323031,4034.8542293394257,1
0.3,81000,405.0,3949.85895049533,4039.841688213764,1
0.3,81100,405.5,3958.54553401193,4044.8291470881018,1
0.3,81200,406.0,3963.44531888712,4049.8166059624396,1
0.3,81300,406.5,3970.12647605502,4054.804064836778,1
0.3,81400,407.0,3971.57782048784,4059.7915237111156,1
0.3,81500,407.5,3973.81019914829,4064.778982585454,1
0.3,81600,408.0,3977.8711989641,4069.7664414597916,1
0.3,81700,408.5,3980.16256676554,4074.7539003341294,1
0.3,81800,409.0,3979.79082593902,4079.7413592084677,1
0.3,81900,409.5,3981.84192474532,4084.7288180828054,1
0.3,82000,410.0,3991.95236901172,4089.7162769571437,1
0.3,82100,410.5,4001.29877015549,4094.7037358314815,1
0.3,82200,411.0,4010.41981697245,4099.69119470582,1
0.3,82300,411.5,4022.03704559345,4104.6786535801575,1
0.3,82400,412.0,4032.97154122554,4109.666112454495,1
0.3,82500,412.5,4042.50960063016,4114.653571328833,1
0.3,82600,413.0,4047.06696869203,4119.641030203172,1
0.3,82700,413.5,4048.00639935373,4124.62848907751,1
0.3,82800,414.0,4055.40577450501,4129.615947951847,1
0.3,82900,414.5,4062.55020058701,4134.603406826185,1
0.3,83000,415.0,4062.07667932422,4139.590865700523,1
0.3,83100,415.5,4060.55603923973,4144.578324574862,1
0.3,83200,416.0,4064.46032608608,4149.565783449199,1
0.3,83300,416.5,4066.40492063793,4154.553242323537,1
0.3,83400,417.0,4062.83709904957,4159.540701197875,1
0.3,83500,417.5,4067.78298950222,4164.528160072214,1
0.3,83600,418.0,4068.31241082205,4169.5156189465515,1
0.3,83700,418.5,4064.35881783514,4174.503077820889,1
0.3,83800,419.0,4061.63408690403,4179.490536695227,1
0.3,83900,419.5,4058.12939723689,4184.477995569565,1
0.3,84000,420.0,4057.67752806495,4189.465454443904,1
0.3,84100,420.5,4064.69785126927,4194.452913318241,1
0.3,84200,421.0,4073.6141866616,4199.440372192579,1
0.3,84300,421.5,4085.21017457649,4204.427831066917,1
0.3,84400,422.0,4092.36787224516,4209.415289941255,1
0.3,84500,422.5,4098.2853490493,4214.402748815593,1
0.3,84600,423.0,4104.55634436601,4219.390207689931,1
0.3,84700,423.5,4111.21258930214,4224.377666564269,1
0.3,84800,424.0,4118.28711585303,4229.365125438607,1
0.3,84900,424.5,4122.48053668712,4234.352584312945,1
0.3,85000,425.0,4127.35449521315,4239.340043187283,1
0.3,85100,425.5,4134.51745418471,4244.327502061621,1
0.3,85200,426.0,4143.14415608345,4249.314960935959,1
0.3,85300,426.5,4154.46512351927,4254.302419810297,1
0.3,85400,427.0,4164.36971313641,4259.2898786846345,1
0.3,85500,427.5,4176.58244943394,4264.277337558973,1
0.3,85600,428.0,4186.45477597203,4269.264796433311,1
0.3,85700,428.5,4191.19995523211,4274.252255307649,1
0.3,85800,429.0,4196.09553678658,4279.2397141819865,1
0.3,85900,429.5,4202.05404209364,4284.227173056325,1
0.3,86000,430.0,4205.96390708495,4289.214631930663,1
0.3,86100,430.5,4209.19677729997,4294.202090805001,1
0.3,86200,431.0,4207.55856877006,4299.189549679339,1
0.3,86300,431.5,4215.81506435289,4304.177008553676,1
0.3,86400,432.0,4222.88852367055,4309.164467428015,1
0.3,86500,432.5,4228.11537282637,4314.151926302353,1
0.3,86600,433.0,4237.40122374109,4319.139385176691,1
0.3,86700,433.5,4245.53951216403,4324.1268440510285,1
0.3,86800,434.0,4249.61299411204,4329.114302925366,1
0.3,86900,434.5,4245.69972665245,4334.101761799705,1
0.3,87000,435.0,4239.41430443694,4339.089220674043,1
0.3,87100,435.5,4241.07251480009,4344.0766795483805,1
0.3,87200,436.0,4240.03175879878,4349.064138422718,1
0.3,87300,436.5,4248.43921327137,4354.051597297056,1
0.3,87400,437.0,4253.49650755382,4359.039056171395,1
0.3,87500,437.5,4261.23327146558,4364.026515045733,1
0.3,87600,438.0,4267.86743216304,4369.01397392007,1
0.3,87700,438.5,4278.52270665899,4374.001432794408,1
0.3,87800,439.0,4285.76013647908,4378.988891668746,1
0.3,87900,439.5,4290.93210579109,4383.976350543085,1
0.3,88000,440.0,4294.25801143916,4388.963809417422,1
0.3,88100,440.5,4296.74037179646,4393.95126829176,1
0.3,88200,441.0,4299.49517292579,4398.938727166098,1
0.3,88300,441.5,4304.29876812963,4403.926186040437,1
0.3,88400,442.0,4309.15098376969,4408.9136449147745,1
0.3,88500,442.5,4320.8324533573,4413.901103789112,1
0.3,88600,443.0,4330.21543502072,4418.88856266345,1
0.3,88700,443.5,4341.53242189368,4423.876021537788,1
0.3,88800,444.0,4351.43266221091,4428.863480412127,1
0.3,88900,444.5,4356.29647362955,4433.850939286464,1
0.3,89000,445.0,4369.40116862191,4438.838398160802,1
0.3,89100,445.5,4385.39852559287,4443.82585703514,1
0.3,89200,446.0,4396.07136185321,4448.813315909478,1
0.3,89300,446.5,4406.91952854616,4453.800774783816,1
0.3,89400,447.0,4417.87053706434,4458.788233658154,1
0.3,89500,447.5,4424.26370181738,4463.775692532492,1
0.3,89600,448.0,4431.49154084944,4468.76315140683,1
0.3,89700,448.5,4436.88793971033,4473.750610281168,1
0.3,89800,449.0,4446.61693852132,4478.738069155506,1
0.3,89900,449.5,4452.35318734308,4483.725528029844,1
0.3,90000,450.0,4456.16557694778,4488.712986904182,1
0.3,90100,450.5,4462.66982368537,4493.70044577852,0
0.3,90200,451.0,4470.2114924149,4498.687904652858,0
0.3,90300,451.5,4478.61792555292,4503.675363527196,0
0.3,90400,452.0,4487.16640043635,4508.662822401534,0
0.3,90500,452.5,4494.13194765835,4513.650281275872,0
0.3,90600,453.0,4501.93480068412,4518.6377401502095,0
0.3,90700,453.5,4507.73744121959,4523.625199024548,0
0.3,90800,454.0,4516.70779107689,4528.612657898886,0
0.3,90900,454.5,4526.74042858068,4533.600116773224,0
0.3,91000,455.0,4536.26594499184,4538.587575647562,0
0.3,91100,455.5,4542.67530649623,4543.575034521899,0
0.3,91200,456.0,4549.97269381599,4548.562493396238,0
0.3,91300,456.5,4556.1263217962,4553.549952270576,0
0.3,91400,457.0,4564.36152712278,4558.537411144914,0
0.3,91500,457.5,4573.39820130628,4563.5248700192515,0
0.3,91600,458.0,4584.69711374454,4568.512328893589,0
0.3,91700,458.5,4589.03843374652,4573.499787767928,0
0.3,91800,459.0,4593.86920723145,4578.487246642266,0
0.3,91900,459.5,4599.8027119722,4583.4747055166035,0
0.3,92000,460.0,4611.89266521068,4588.462164390941,0
0.3,92100,460.5,4623.6263846157,4593.449623265279,0
0.3,92200,461.0,4636.56478303992,4598.437082139618,0
0.3,92300,461.5,4647.77053711039,4603.424541013956,0
0.3,92400,462.0,4655.79965959091,4608.411999888293,0
0.3,92500,462.5,4661.99332204323,4613.399458762631,0
0.3,92600,463.0,4665.85807807216,4618.38691763697,0
0.3,92700,463.5,4670.88647887787,4623.374376511308,0
0.3,92800,464.0,4669.14853456734,4628.3618353856455,0
0.3,92900,464.5,4666.49530129964,4633.349294259983,0
0.3,93000,465.0,4671.60831950342,4638.336753134321,0
0.3,93100,465.5,4674.59780430299,4643.32421200866,0
0.3,93200,466.0,4679.48178806385,4648.3116708829975,0
0.3,93300,466.5,4688.97382344077,4653.299129757335,0
0.3,93400,467.0,4692.86668576514,4658.286588631673,0
0.3,93500,467.5,4695.12415887444,4663.274047506011,0
0.3,93600,468.0,4700.77267392437,4668.26150638035,0
0.3,93700,468.5,4712.59663791241,4673.248965254687,0
0.3,93800,469.0,4722.62966198141,4678.236424129025,0
0.3,93900,469.5,4729.20414402624,4683.223883003363,0
0.3,94000,470.0,4736.74939168586,4688.211341877701,0
0.3,94100,470.5,4741.02873780004,4693.1988007520395,0
0.3,94200,471.0,4741.16938384452,4698.186259626377,0
0.3,94300,471.5,4740.79662826018,4703.173718500715,0
0.3,94400,472.0,4743.55632771514,4708.161177375053,0
0.3,94500,472.5,4749.95626195793,4713.148636249391,0
0.3,94600,473.0,4752.33189767324,4718.136095123729,0
0.3,94700,473.5,4749.95500945578,4723.123553998067,0
0.3,94800,474.0,4752.50503054376,4728.111012872405,0
0.3,94900,474.5,4759.2982067665,4733.098471746743,0
0.3,95000,475.0,4766.22260214171,4738.085930621081,0
0.3,95100,475.5,4776.37322889244,4743.073389495419,0
0.3,95200,476.0,4786.86889037292,4748.060848369757,0
0.3,95300,476.5,4798.01945912434,4753.048307244095,0
0.3,95400,477.0,4802.89606001601,4758.035766118433,0
0.3,95500,477.5,4804.35145620184,4763.023224992771,0
0.3,95600,478.0,4803.7265175473,4768.010683867109,0
0.3,95700,478.5,4808.88972176288,4772.998142741447,0
0.3,95800,479.0,4815.12925865682,4777.985601615785,0
0.3,95900,479.5,4823.76594735533,4782.973060490122,0
0.3,96000,480.0,4833.5780762823,4787.960519364461,0
0.3,96100,480.5,4839.11693104331,4792.947978238799,0
0.3,96200,481.0,4842.37742184479,4797.935437113137,0
0.3,96300,481.5,4845.55057160328,4802.9228959874745,0
0.3,96400,482.0,4852.06302942702,4807.910354861812,0
0.3,96500,482.5,4858.82268647868,4812.897813736151,0
0.3,96600,483.0,4863.85984193886,4817.885272610489,0
0.3,96700,483.5,4867.8905189841,4822.8727314848265,0
0.3,96800,484.0,4870.56711309586,4827.860190359164,0
0.3,96900,484.5,4872.28687587465,4832.847649233503,0
0.3,97000,485.0,4870.57473596527,4837.835108107841,0
0.3,97100,485.5,4869.35515166437,4842.822566982179,0
0.3,97200,486.0,4872.72242651378,4847.810025856516,0
0.3,97300,486.5,4874.75137226933,4852.797484730854,0
0.3,97400,487.0,4880.44021456792,4857.784943605193,0
0.3,97500,487.5,4887.01928051008,4862.772402479531,0
0.3,97600,488.0,4893.956122588,4867.7598613538685,0
0.3,97700,488.5,4898.03154672004,4872.747320228206,0
0.3,97800,489.0,4905.4241332045,4877.734779102544,0
0.3,97900,489.5,4914.35820441326,4882.722237976883,0
0.3,98000,490.0,4920.39821205269,4887.7096968512205,0
0.3,98100,490.5,4921.94891415561,4892.697155725558,0
0.3,98200,491.0,4924.50431933348,4897.684614599896,0
0.3,98300,491.5,4932.91866947131,4902.672073474234,0
0.3,98400,492.0,4939.03813223414,4907.659532348573,0
0.3,98500,492.5,4941.21916273145,4912.64699122291,0
0.3,98600,493.0,4939.93319556248,4917.634450097248,0
0.3,98700,493.5,4941.1235769911,4922.621908971586,0
0.3,98800,494.0,4946.25869192218,4927.609367845924,0
0.3,98900,494.5,4951.5342579503,4932.5968267202625,0
0.3,99000,495.0,4956.80733601765,4937.5842855946,0
0.3,99100,495.5,4955.93990546642,4942.571744468938,0
0.3,99200,496.0,4956.67070386495,4947.559203343276,0
0.3,99300,496.5,4954.04996833684,4952.5466622176145,0
0.3,99400,497.0,4954.3346939841,4957.534121091952,0
0.3,99500,497.5,4958.42861229277,4962.52157996629,0
0.3,99600,498.0,4961.05581447011,4967.509038840628,0
0.3,99700,498.5,4963.20197562103,4972.496497714966,0
0.3,99800,499.0,4966.12605789646,4977.483956589304,0
0.3,99900,499.5,4968.15466677606,4982.471415463642,0
0.3,100000,500.0,4969.73203797171,4987.45887433798,0
0.4,0,0.0,1.53100546763484e-28,0.0,0
0.4,100,0.5,1.15517693946832,3.840932288455103,0
0.4,200,1.0,3.64333632951638,7.681864576910206,0
0.4,300,1.5,6.61855752431653,11.522796865365308,0
0.4,400,2.0,9.99440532774753,15.363729153820412,0
0.4,500,2.5,13.5065733142843,19.204661442275516,0
0.4,600,3.0,17.1230982970164,23.045593730730616,0
0.4,700,3.5,20.8416051797399,26.88652601918572,0
0.4,800,4.0,24.7211951249144,30.727458307640823,0
0.4,900,4.5,28.5198351317032,34.568390596095924,0
0.4,1000,5.0,32.073543502377,38.40932288455103,0
0.4,1100,5.5,35.6186231205556,42.25025517300613,0
0.4,1200,6.0,39.164460060851,46.09118746146123,0
0.4,1300,6.5,42.5477444761346,49.93211974991634,0
0.4,1400,7.0,46.2661200586225,53.77305203837144,0
0.4,1500,7.5,50.1035901195768,57.61398432682655,0
0.4,1600,8.0,53.7295037293175,61.45491661528165,0
0.4,1700,8.5,57.6694752442736,65.29584890373675,0
0.4,1800,9.0,61.7124359436358,69.13678119219185,0
0.4,1900,9.5,66.0533258567238,72.97771348064695,0
0.4,2000,10.0,70.164473364736,76.81864576910206,0
0.4,2100,10.5,74.8787707041606,80.65957805755716,0
0.4,2200,11.0,79.4487346517784,84.50051034601226,0
0.4,2300,11.5,84.2086775388057,88.34144263446737,0
0.4,2400,12.0,89.0083373320401,92.18237492292246,0
0.4,2500,12.5,93.6212515426496,96.02330721137757,0
0.4,2600,13.0,97.7089542797902,99.86423949983268,0
0.4,2700,13.5,101.352281240508,103.70517178828779,0
0.4,2800,14.0,105.263659270529,107.54610407674288,0
0.4,2900,14.5,108.559732569762,111.38703636519799,0
0.4,3000,15.0,112.553811159445,115.2279686536531,0
0.4,3100,15.5,117.062810597898,119.06890094210819,0
0.4,3200,16.0,121.953449069759,122.9098332305633,0
0.4,3300,16.5,125.583642674758,126.7507655190184,0
0.4,3400,17.0,129.063205098744,130.5916978074735,0
0.4,3500,17.5,132.883578314228,134.4326300959286,0
0.4,3600,18.0,136.948140489985,138.2735623843837,0
0.4,3700,18.5,140.902393625715,142.11449467283882,0
0.4,3800,19.0,144.699619044693,145.9554269612939,0
0.4,3900,19.5,149.490272823036,149.796359249749,0
0.4,4000,20.0,153.719372658762,153.63729153820412,0
0.4,4100,20.5,157.773092978917,157.47822382665922,0
0.4,4200,21.0,162.229065560952,161.3191561151143,0
0.4,4300,21.5,166.568927364931,165.16008840356943,0
0.4,4400,22.0,169.908065115605,169.00102069202453,0
0.4,4500,22.5,173.81165847139,172.84195298047962,0
0.4,4600,23.0,178.379160960514,176.68288526893474,0
0.4,4700,23.5,181.989194508901,180.52381755738983,0
0.4,4800,24.0,185.589661857814,184.36474984584493,0
0.4,4900,24.5,189.025180253519,188.20568213430005,0
0.4,5000,25.0,193.220007070263,192.04661442275514,0
0.4,5100,25.5,197.106630962597,195.88754671121026,0
0.4,5200,26.0,201.42522629276,199.72847899966536,0
0.4,5300,26.5,204.684164721845,203.56941128812045,0
0.4,5400,27.0,207.433236298682,207.41034357657557,0
0.4,5500,27.5,209.66905168989,211.25127586503066,0
0.4,5600,28.0,212.294112382211,215.09220815348576,0
0.4,5700,28.5,214.3283009798,218.93314044194088,0
0.4,5800,29.0,216.744674419811,222.77407273039597,0
0.4,5900,29.5,219.808373414254,226.61500501885106,0
0.4,6000,30.0,224.037983124396,230.4559373073062,0
0.4,6100,30.5,227.611423786363,234.29686959576128,0
0.4,6200,31.0,231.018488702254,238.13780188421637,0
0.4,6300,31.5,235.053571831876,241.9787341726715,0
0.4,6400,32.0,237.97296011816,245.8196664611266,0
0.4,6500,32.5,241.475228452042,249.66059874958168,0
0.4,6600,33.0,245.522201765551,253.5015310380368,0
0.4,6700,33.5,248.943807812606,257.3424633264919,0
0.4,6800,34.0,251.839183543781,261.183395614947,0
0.4,6900,34.5,255.744701266983,265.0243279034021,0
0.4,7000,35.0,259.681074911807,268.8652601918572,0
0.4,7100,35.5,262.522975300268,272.7061924803123,0
0.4,7200,36.0,265.562564967354,276.5471247687674,0
0.4,7300,36.5,268.776822822277,280.3880570572225,0
0.4,7400,37.0,270.612575542187,284.22898934567763,0
0.4,7500,37.5,272.76817173607,288.0699216341327,0
0.4,7600,38.0,275.331328393905,291.9108539225878,0
0.4,7700,38.5,279.021642528903,295.75178621104294,0
0.4,7800,39.0,282.449888542047,299.592718499498,0
0.4,7900,39.5,287.222493366208,303.4336507879531,0
0.4,8000,40.0,291.64370769671,307.27458307640825,0
0.4,8100,40.5,294.779501022027,311.1155153648633,0
0.4,8200,41.0,297.46246993845,314.95644765331843,0
0.4,8300,41.5,300.751721062912,318.79737994177356,0
0.4,8400,42.0,303.823707231866,322.6383122302286,0
0.4,8500,42.5,306.574019359309,326.47924451868374,0
0.4,8600,43.0,310.275770616789,330.32017680713886,0
0.4,8700,43.5,314.087854212893,334.16110909559393,0
0.4,8800,44.0,316.950438829221,338.00204138404905,0
0.4,8900,44.5,318.845330520692,341.8429736725042,0
0.4,9000,45.0,319.651576675764,345.68390596095924,0
0.4,9100,45.5,320.977914995172,349.52483824941436,0
0.4,9200,46.0,324.035695980752,353.3657705378695,0
0.4,9300,46.5,328.097990193196,357.20670282632454,0
0.4,9400,47.0,333.087558693416,361.04763511477967,0
0.4,9500,47.5,337.452409763373,364.8885674032348,0
0.4,9600,48.0,341.915561486363,368.72949969168985,0
0.4,9700,48.5,346.199012706942,372.570431980145,0
0.4,9800,49.0,350.401875284253,376.4113642686001,0
0.4,9900,49.5,353.801322487537,380.2522965570552,0
0.4,10000,50.0,357.144304225316,384.0932288455103,0
0.4,10100,50.5,360.052289242446,387.9341611339654,0
0.4,10200,51.0,364.425150279676,391.7750934224205,0
0.4,10300,51.5,368.891126598568,395.6160257108756,0
0.4,10400,52.0,373.129219305597,399.4569579993307,0
0.4,10500,52.5,376.556934738391,403.29789028778583,0
0.4,10600,53.0,378.957346767673,407.1388225762409,0
0.4,10700,53.5,382.389858729295,410.979754864696,0
0.4,10800,54.0,385.940911502611,414.82068715315114,0
0.4,10900,54.5,389.125103699019,418.6616194416062,0
0.4,11000,55.0,393.405779911748,422.5025517300613,0
0.4,11100,55.5,397.5102281495,426.34348401851645,0
0.4,11200,56.0,401.158766395069,430.1844163069715,0
0.4,11300,56.5,404.334055373742,434.02534859542664,0
0.4,11400,57.0,408.426497929517,437.86628088388176,0
0.4,11500,57.5,412.601044201289,441.7072131723368,0
0.4,11600,58.0,417.610315107461,445.54814546079194,0
0.4,11700,58.5,423.638307659622,449.38907774924706,0
0.4,11800,59.0,429.56523423511,453.23001003770213,0
0.4,11900,59.5,435.319772355254,457.07094232615725,0
0.4,12000,60.0,440.763418860311,460.9118746146124,0
0.4,12100,60.5,444.594427253648,464.75280690306744,0
0.4,12200,61.0,448.064052465118,468.59373919152256,0
0.4,12300,61.5,451.539900170664,472.4346714799777,0
0.4,12400,62.0,456.727729544697,476.27560376843275,0
0.4,12500,62.5,461.634529848323,480.11653605688787,0
0.4,12600,63.0,466.850751330287,483.957468345343,0
0.4,12700,63.5,471.868073252639,487.79840063379805,0
0.4,12800,64.0,477.526293734101,491.6393329222532,0
0.4,12900,64.5,481.663571641296,495.4802652107083,0
0.4,13000,65.0,484.918805990108,499.32119749916336,0
0.4,13100,65.5,489.24306966712,503.1621297876185,0
0.4,13200,66.0,493.053393474432,507.0030620760736,0
0.4,13300,66.5,496.852163234209,510.84399436452867,0
0.4,13400,67.0,502.607281912621,514.6849266529838,0
0.4,13500,67.5,507.239890564754,518.5258589414389,0
0.4,13600,68.0,511.435878023322,522.366791229894,0
0.4,13700,68.5,515.479093716613,526.2077235183491,0
0.4,13800,69.0,518.890128681011,530.0486558068042,0
0.4,13900,69.5,522.733891772367,533.8895880952593,0
0.4,14000,70.0,524.8908338985,537.7305203837144,0
0.4,14100,70.5,528.86880870861,541.5714526721695,0
0.4,14200,71.0,532.338126168301,545.4123849606246,0
0.4,14300,71.5,537.676677447061,549.2533172490797,0
0.4,14400,72.0,543.091225909843,553.0942495375348,0
0.4,14500,72.5,549.246646984439,556.93518182599,0
0.4,14600,73.0,554.00825391622,560.776114114445,0
0.4,14700,73.5,559.058644019044,564.6170464029001,0
0.4,14800,74.0,563.742407400359,568.4579786913553,0
0.4,14900,74.5,567.947736199092,572.2989109798103,0
0.4,15000,75.0,571.329926645831,576.1398432682654,0
0.4,15100,75.5,574.26640823384,579.9807755567206,0
0.4,15200,76.0,576.710927094565,583.8217078451756,0
0.4,15300,76.5,581.632758704276,587.6626401336307,0
0.4,15400,77.0,586.635955692463,591.5035724220859,0
0.4,15500,77.5,589.393958626407,595.344504710541,0
0.4,15600,78.0,592.490367971096,599.185436998996,0
0.4,15700,78.5,597.211317180555,603.0263692874512,0
0.4,15800,79.0,600.537074531098,606.8673015759063,0
0.4,15900,79.5,602.681194441814,610.7082338643613,0
0.4,16000,80.0,604.932727404603,614.5491661528165,0
0.4,16100,80.5,607.879288607853,618.3900984412716,0
0.4,16200,81.0,609.793558674747,622.2310307297266,0
0.4,16300,81.5,612.998889621285,626.0719630181818,0
0.4,16400,82.0,615.221992028276,629.9128953066369,0
0.4,16500,82.5,617.577895309278,633.7538275950919,0
0.4,16600,83.0,620.805651224038,637.5947598835471,0
0.4,16700,83.5,624.335970673122,641.4356921720022,0
0.4,16800,84.0,627.505952419097,645.2766244604572,0
0.4,16900,84.5,631.21476409356,649.1175567489124,0
0.4,17000,85.0,633.024674173669,652.9584890373675,0
0.4,17100,85.5,635.977954685548,656.7994213258225,0
0.4,17200,86.0,641.514610790408,660.6403536142777,0
0.4,17300,86.5,645.996702204596,664.4812859027328,0
0.4,17400,87.0,650.919597957586,668.3222181911879,0
0.4,17500,87.5,656.135708488747,672.163150479643,0
0.4,17600,88.0,660.145960842054,676.0040827680981,0
0.4,17700,88.5,663.333992799109,679.8450150565532,0
0.4,17800,89.0,668.699765912402,683.6859473450083,0
0.4,17900,89.5,675.140655781165,687.5268796334634,0
0.4,18000,90.0,682.065591681137,691.3678119219185,0
0.4,18100,90.5,688.468138889217,695.2087442103737,0
0.4,18200,91.0,694.683936119347,699.0496764988287,0
0.4,18300,91.5,700.354481737405,702.8906087872838,0
0.4,18400,92.0,705.503199802095,706.731541075739,0
0.4,18500,92.5,709.218434695112,710.572473364194,0
0.4,18600,93.0,713.319704693997,714.4134056526491,0
0.4,18700,93.5,716.566194514849,718.2543379411043,0
0.4,18800,94.0,719.649279666067,722.0952702295593,0
0.4,18900,94.5,725.104216643874,725.9362025180144,0
0.4,19000,95.0,728.156282785596,729.7771348064696,0
0.4,19100,95.5,732.73582948452,733.6180670949246,0
0.4,19200,96.0,737.381392866625,737.4589993833797,0
0.4,19300,96.5,741.051593391739,741.2999316718349,0
0.4,19400,97.0,742.945210292038,745.14086396029,0
0.4,19500,97.5,747.185627765176,748.9817962487451,0
0.4,19600,98.0,751.504680422009,752.8227285372002,0
0.4,19700,98.5,752.211233284845,756.6636608256553,0
0.4,19800,99.0,755.307559732407,760.5045931141104,0
0.4,19900,99.5,759.521328665514,764.3455254025655,0
0.4,20000,100.0,764.275708541685,768.1864576910206,1
0.4,20100,100.5,767.749605230613,772.0273899794757,1
0.4,20200,101.0,770.744044029313,775.8683222679308,1
0.4,20300,101.5,772.450539931367,779.7092545563859,1
0.4,20400,102.0,774.00816248931,783.550186844841,1
0.4,20500,102.5,777.430389620711,787.3911191332961,1
0.4,20600,103.0,779.518691443758,791.2320514217512,1
0.4,20700,103.5,782.257134158695,795.0729837102064,1
0.4,20800,104.0,785.751721233258,798.9139159986614,1
0.4,20900,104.5,790.324703132681,802.7548482871165,1
0.4,21000,105.0,795.101249887828,806.5957805755717,1
0.4,21100,105.5,799.726057182147,810.4367128640267,1
0.4,21200,106.0,805.37020795782,814.2776451524818,1
0.4,21300,106.5,810.413088484784,818.118577440937,1
0.4,21400,107.0,813.908663042757,821.959509729392,1
0.4,21500,107.5,818.659170201807,825.8004420178471,1
0.4,21600,108.0,822.819977836125,829.6413743063023,1
0.4,21700,108.5,829.49596132909,833.4823065947573,1
0.4,21800,109.0,834.83808659007,837.3232388832124,1
0.4,21900,109.5,841.036115014536,841.1641711716676,1
0.4,22000,110.0,846.77202157024,845.0051034601227,1
0.4,22100,110.5,852.138047036093,848.8460357485777,1
0.4,22200,111.0,855.575124352859,852.6869680370329,1
0.4,22300,111.5,857.642991931618,856.527900325488,1
0.4,22400,112.0,860.910356867342,860.368832613943,1
0.4,22500,112.5,863.213847984297,864.2097649023982,1
0.4,22600,113.0,865.154416872765,868.0506971908533,1
0.4,22700,113.5,869.494600994116,871.8916294793083,1
0.4,22800,114.0,875.144591658508,875.7325617677635,1
0.4,22900,114.5,881.58246261078,879.5734940562186,1
0.4,23000,115.0,884.987271699582,883.4144263446736,1
0.4,23100,115.5,887.885160215123,887.2553586331288,1
0.4,23200,116.0,892.425772954188,891.0962909215839,1
0.4,23300,116.5,897.111115531857,894.937223210039,1
0.4,23400,117.0,902.728554158464,898.7781554984941,1
0.4,23500,117.5,906.467482654484,902.6190877869492,1
0.4,23600,118.0,907.41469729106,906.4600200754043,1
0.4,23700,118.5,910.723417788287,910.3009523638594,1
0.4,23800,119.0,913.991424140717,914.1418846523145,1
0.4,23900,119.5,916.849299073317,917.9828169407696,1
0.4,24000,120.0,917.973076331398,921.8237492292247,1
0.4,24100,120.5,920.347848197247,925.6646815176798,1
0.4,24200,121.0,922.268245525293,929.5056138061349,1
0.4,24300,121.5,924.292930087417,933.34654609459,1
0.4,24400,122.0,923.980474567691,937.1874783830451,1
0.4,24500,122.5,927.035833436996,941.0284106715002,1
0.4,24600,123.0,928.583822838434,944.8693429599554,1
0.4,24700,123.5,930.730681757878,948.7102752484104,1
0.4,24800,124.0,931.663039598951,952.5512075368655,1
0.4,24900,124.5,931.943429459129,956.3921398253207,1
0.4,25000,125.0,934.118131568031,960.2330721137757,1
0.4,25100,125.5,935.561501897588,964.0740044022308,1
0.4,25200,126.0,940.146489779915,967.914936690686,1
0.4,25300,126.5,945.873301527188,971.755868979141,1
0.4,25400,127.0,949.562615738559,975.5968012675961,1
0.4,25500,127.5,954.334110913826,979.4377335560513,1
0.4,25600,128.0,958.355962349767,983.2786658445063,1
0.4,25700,128.5,961.414097626169,987.1195981329614,1
0.4,25800,129.0,966.749961092724,990.9605304214166,1
0.4,25900,129.5,968.188566116405,994.8014627098717,1
0.4,26000,130.0,967.278515523191,998.6423949983267,1
0.4,26100,130.5,968.328682390709,1002.4833272867819,1
0.4,26200,131.0,971.867779684765,1006.324259575237,1
0.4,26300,131.5,975.594790968452,1010.165191863692,1
0.4,26400,132.0,977.91788779897,1014.0061241521472,1
0.4,26500,132.5,981.838138098368,1017.8470564406023,1
0.4,26600,133.0,984.791462694863,1021.6879887290573,1
0.4,26700,133.5,986.40804240187,1025.5289210175124,1
0.4,26800,134.0,987.508671791193,1029.3698533059676,1
0.4,26900,134.5,988.74427280805,1033.2107855944228,1
0.4,27000,135.0,990.018205437302,1037.0517178828777,1
0.4,27100,135.5,993.934469646198,1040.892650171333,1
0.4,27200,136.0,996.176800079459,1044.733582459788,1
0.4,27300,136.5,997.5012858802,1048.574514748243,1
0.4,27400,137.0,1000.82825012837,1052.4154470366982,1
0.4,27500,137.5,1005.68532012048,1056.2563793251534,1
0.4,27600,138.0,1009.22369673309,1060.0973116136083,1
0.4,27700,138.5,1014.26121782934,1063.9382439020635,1
0.4,27800,139.0,1019.21389064407,1067.7791761905187,1
0.4,27900,139.5,1025.23902889623,1071.6201084789736,1
0.4,28000,140.0,1030.65469218342,1075.4610407674288,1
0.4,28100,140.5,1036.45782384216,1079.301973055884,1
0.4,28200,141.0,1041.97089921226,1083.142905344339,1
0.4,28300,141.5,1047.87776336728,1086.9838376327941,1
0.4,28400,142.0,1053.38687359774,1090.8247699212493,1
0.4,28500,142.5,1058.14325870893,1094.6657022097042,1
0.4,28600,143.0,1061.86549899638,1098.5066344981594,1
0.4,28700,143.5,1064.63729119442,1102.3475667866146,1
0.4,28800,144.0,1067.96812431536,1106.1884990750696,1
0.4,28900,144.5,1072.11774983806,1110.0294313635247,1
0.4,29000,145.0,1077.67134148658,1113.87036365198,1
0.4,29100,145.5,1079.32927272516,1117.7112959404349,1
0.4,29200,146.0,1082.04291422674,1121.55222822889,1
0.4,29300,146.5,1083.85003557212,1125.3931605173452,1
0.4,29400,147.0,1087.3294866772,1129.2340928058002,1
0.4,29500,147.5,1090.56956278977,1133.0750250942554,1
0.4,29600,148.0,1094.66180115982,1136.9159573827105,1
0.4,29700,148.5,1098.10279518342,1140.7568896711655,1
0.4,29800,149.0,1103.30893219087,1144.5978219596207,1
0.4,29900,149.5,1108.31028226637,1148.4387542480758,1
0.4,30000,150.0,1112.02324172336,1152.2796865365308,1
0.4,30100,150.5,1115.65360779835,1156.120618824986,1
0.4,30200,151.0,1117.14566973789,1159.9615511134411,1
0.4,30300,151.5,1118.29550257825,1163.802483401896,1
0.4,30400,152.0,1120.6522281974,1167.6434156903513,1
0.4,30500,152.5,1120.61905668135,1171.4843479788065,1
0.4,30600,153.0,1120.5543005279,1175.3252802672614,1
0.4,30700,153.5,1122.60124230269,1179.1662125557166,1
0.4,30800,154.0,1124.4926094249,1183.0071448441718,1
0.4,30900,154.5,1127.74681670993,1186.8480771326267,1
0.4,31000,155.0,1128.19860766608,1190.689009421082,1
0.4,31100,155.5,1134.62925732826,1194.529941709537,1
0.4,31200,156.0,1139.92912260427,1198.370873997992,1
0.4,31300,156.5,1141.4956063501,1202.2118062864472,1
0.4,31400,157.0,1142.64277769333,1206.0527385749024,1
0.4,31500,157.5,1145.72721262468,1209.8936708633573,1
0.4,31600,158.0,1148.89415510119,1213.7346031518125,1
0.4,31700,158.5,1153.41982125742,1217.5755354402677,1
0.4,31800,159.0,1156.41167468874,1221.4164677287226,1
0.4,31900,159.5,1156.86735880918,1225.2574000171778,1
0.4,32000,160.0,1156.84873533248,1229.098332305633,1
0.4,32100,160.5,1159.74853998487,1232.939264594088,1
0.4,32200,161.0,1165.74985367529,1236.7801968825431,1
0.4,32300,161.5,1170.79487709728,1240.6211291709983,1
0.4,32400,162.0,1174.50965266758,1244.4620614594533,1
0.4,32500,162.5,1177.00537450705,1248.3029937479084,1
0.4,32600,163.0,1179.24045641651,1252.1439260363636,1
0.4,32700,163.5,1180.80497743728,1255.9848583248186,1
0.4,32800,164.0,1184.74420162155,1259.8257906132737,1
0.4,32900,164.5,1188.21845910735,1263.666722901729,1
0.4,33000,165.0,1190.4513158345,1267.5076551901839,1
0.4,33100,165.5,1192.61243503415,1271.348587478639,1
0.4,33200,166.0,1195.29802195487,1275.1895197670942,1
0.4,33300,166.5,1196.11824551183,1279.0304520555492,1
0.4,33400,167.0,1195.54649637791,1282.8713843440044,1
0.4,33500,167.5,1196.43973893017,1286.7123166324595,1
0.4,33600,168.0,1198.19104062838,1290.5532489209145,1
0.4,33700,168.5,1199.7685437372,1294.3941812093697,1
0.4,33800,169.0,1201.52705016276,1298.2351134978248,1
0.4,33900,169.5,1208.05774517459,1302.0760457862798,1
0.4,34000,170.0,1213.12542711546,1305.916978074735,1
0.4,34100,170.5,1216.56513675549,1309.7579103631901,1
0.4,34200,171.0,1219.49121931616,1313.598842651645,1
0.4,34300,171.5,1222.88978063729,1317.4397749401003,1
0.4,34400,172.0,1226.30993899778,1321.2807072285555,1
0.4,34500,172.5,1229.18180001142,1325.1216395170104,1
0.4,34600,173.0,1235.23706128582,1328.9625718054656,1
0.4,34700,173.5,1241.23179776116,1332.8035040939208,1
0.4,34800,174.0,1243.45100186361,1336.6444363823757,1
0.4,34900,174.5,1243.62658198682,1340.485368670831,1
0.4,35000,175.0,1244.95997581073,1344.326300959286,1
0.4,35100,175.5,1246.3974091448,1348.167233247741,1
0.4,35200,176.0,1248.75765257039,1352.0081655361962,1
0.4,35300,176.5,1250.48112924305,1355.8490978246514,1
0.4,35400,177.0,1253.53069425231,1359.6900301131063,1
0.4,35500,177.5,1257.82578584816,1363.5309624015615,1
0.4,35600,178.0,1261.05616475779,1367.3718946900167,1
0.4,35700,178.5,1262.39792676678,1371.2128269784716,1
0.4,35800,179.0,1263.9546701782,1375.0537592669268,1
0.4,35900,179.5,1267.39412762536,1378.894691555382,1
0.4,36000,180.0,1271.90058013626,1382.735623843837,1
0.4,36100,180.5,1277.96548893979,1386.5765561322921,1
0.4,36200,181.0,1282.10809336424,1390.4174884207473,1
0.4,36300,181.5,1284.02072720927,1394.2584207092023,1
0.4,36400,182.0,1286.29436790732,1398.0993529976574,1
0.4,36500,182.5,1291.18006252206,1401.9402852861126,1
0.4,36600,183.0,1294.28913275476,1405.7812175745676,1
0.4,36700,183.5,1298.35538951277,1409.6221498630227,1
0.4,36800,184.0,1299.18346834691,1413.463082151478,1
0.4,36900,184.5,1300.0303749352,1417.3040144399329,1
0.4,37000,185.0,1301.6031370536,1421.144946728388,1
0.4,37100,185.5,1305.68472306598,1424.9858790168432,1
0.4,37200,186.0,1308.4243124896,1428.8268113052982,1
0.4,37300,186.5,1310.17860773119,1432.6677435937534,1
0.4,37400,187.0,1314.23996730666,1436.5086758822085,1
0.4,37500,187.5,1319.05303797766,1440.3496081706635,1
0.4,37600,188.0,1324.34805896483,1444.1905404591187,1
0.4,37700,188.5,1328.15671178862,1448.0314727475738,1
0.4,37800,189.0,1331.17255658338,1451.8724050360288,1
0.4,37900,189.5,1334.77860443531,1455.713337324484,1
0.4,38000,190.0,1337.17677960917,1459.5542696129392,1
0.4,38100,190.5,1338.47922501526,1463.395201901394,1
0.4,38200,191.0,1340.33317223455,1467.2361341898493,1
0.4,38300,191.5,1339.99353495849,1471.0770664783045,1
0.4,38400,192.0,1342.48168544753,1474.9179987667594,1
0.4,38500,192.5,1348.03122595678,1478.7589310552146,1
0.4,38600,193.0,1352.59075288121,1482.5998633436698,1
0.4,38700,193.5,1355.67702589329,1486.440795632125,1
0.4,38800,194.0,1358.16095029436,1490.28172792058,1
0.4,38900,194.5,1365.43098417458,1494.122660209035,1
0.4,39000,195.0,1372.68133514603,1497.9635924974903,1
0.4,39100,195.5,1376.71164894735,1501.8045247859452,1
0.4,39200,196.0,1381.70304553701,1505.6454570744004,1
0.4,39300,196.5,1388.2373700262,1509.4863893628556,1
0.4,39400,197.0,1394.57088927928,1513.3273216513105,1
0.4,39500,197.5,1398.26569506284,1517.1682539397657,1
0.4,39600,198.0,1402.21741176262,1521.0091862282209,1
0.4,39700,198.5,1406.2622384858,1524.8501185166758,1
0.4,39800,199.0,1409.96066794011,1528.691050805131,1
0.4,39900,199.5,1413.49756348375,1532.5319830935862,1
0.4,40000,200.0,1418.56341069208,1536.3729153820411,1
0.4,40100,200.5,1421.9518007437,1540.2138476704963,1
0.4,40200,201.0,1424.17003274215,1544.0547799589515,1
0.4,40300,201.5,1425.37789292792,1547.8957122474064,1
0.4,40400,202.0,1428.08591475973,1551.7366445358616,1
0.4,40500,202.5,1431.8353309095,1555.5775768243168,1
0.4,40600,203.0,1432.15016725752,1559.4185091127717,1
0.4,40700,203.5,1435.85689907547,1563.259441401227,1
0.4,40800,204.0,1439.05804577652,1567.100373689682,1
0.4,40900,204.5,1439.0687824706,1570.941305978137,1
0.4,41000,205.0,1439.81549926368,1574.7822382665922,1
0.4,41100,205.5,1442.02302361659,1578.6231705550474,1
0.4,41200,206.0,1446.38651245338,1582.4641028435024,1
0.4,41300,206.5,1448.74316982577,1586.3050351319575,1
0.4,41400,207.0,1451.97455773531,1590.1459674204127,1
0.4,41500,207.5,1454.90892692777,1593.9868997088677,1
0.4,41600,208.0,1461.12394183075,1597.8278319973228,1
0.4,41700,208.5,1468.5223067738,1601.668764285778,1
0.4,41800,209.0,1473.85393135218,1605.509696574233,1
0.4,41900,209.5,1479.09751343103,1609.3506288626882,1
0.4,42000,210.0,1485.00342817685,1613.1915611511433,1
0.4,42100,210.5,1490.26217875229,1617.0324934395983,1
0.4,42200,211.0,1496.77271102375,1620.8734257280535,1
0.4,42300,211.5,1503.75937651776,1624.7143580165086,1
0.4,42400,212.0,1507.72849015412,1628.5552903049636,1
0.4,42500,212.5,1513.12583991311,1632.3962225934188,1
0.4,42600,213.0,1519.02682640283,1636.237154881874,1
0.4,42700,213.5,1521.06223847507,1640.078087170329,1
0.4,42800,214.0,1523.40788416692,1643.919019458784,1
0.4,42900,214.5,1525.98470045309,1647.7599517472393,1
0.4,43000,215.0,1529.97588419692,1651.6008840356942,1
0.4,43100,215.5,1537.33790205652,1655.4418163241494,1
0.4,43200,216.0,1545.5506736526,1659.2827486126046,1
0.4,43300,216.5,1554.27708562436,1663.1236809010595,1
0.4,43400,217.0,1563.18333636052,1666.9646131895147,1
0.4,43500,217.5,1569.46653607779,1670.8055454779699,1
0.4,43600,218.0,1575.0511381631,1674.6464777664248,1
0.4,43700,218.5,1579.90493409832,1678.48741005488,1
0.4,43800,219.0,1582.71349254079,1682.3283423433352,1
0.4,43900,219.5,1589.56692735504,1686.1692746317901,1
0.4,44000,220.0,1593.03070371091,1690.0102069202453,1
0.4,44100,220.5,1597.06957162234,1693.8511392087005,1
0.4,44200,221.0,1600.79683257599,1697.6920714971554,1
0.4,44300,221.5,1607.52171146848,1701.5330037856106,1
0.4,44400,222.0,1611.86965808806,1705.3739360740658,1
0.4,44500,222.5,1612.73361318418,1709.2148683625207,1
0.4,44600,223.0,1614.61583166096,1713.055800650976,1
0.4,44700,223.5,1615.83889232229,1716.896732939431,1
0.4,44800,224.0,1618.20012078136,1720.737665227886,1
0.4,44900,224.5,1622.09127749921,1724.5785975163412,1
0.4,45000,225.0,1628.19598529823,1728.4195298047964,1
0.4,45100,225.5,1632.20236522753,1732.2604620932514,1
0.4,45200,226.0,1633.47577628411,1736.1013943817065,1
0.4,45300,226.5,1639.05517258412,1739.9423266701617,1
0.4,45400,227.0,1642.64887544773,1743.7832589586167,1
0.4,45500,227.5,1645.30985077886,1747.6241912470718,1
0.4,45600,228.0,1649.61753564319,1751.465123535527,1
0.4,45700,228.5,1653.52095023805,1755.306055823982,1
0.4,45800,229.0,1658.60991787773,1759.1469881124372,1
0.4,45900,229.5,1663.78016398923,1762.9879204008923,1
0.4,46000,230.0,1667.183237699,1766.8288526893473,1
0.4,46100,230.5,1669.50708513427,1770.6697849778025,1
0.4,46200,231.0,1672.34268367639,1774.5107172662576,1
0.4,46300,231.5,1676.21043919372,1778.3516495547126,1
0.4,46400,232.0,1679.98381746572,1782.1925818431678,1
0.4,46500,232.5,1685.93747090635,1786.033514131623,1
0.4,46600,233.0,1692.31503995238,1789.874446420078,1
0.4,46700,233.5,1699.35140086071,1793.715378708533,1
0.4,46800,234.0,1704.18138395047,1797.5563109969883,1
0.4,46900,234.5,1709.30880213936,1801.3972432854432,1
0.4,47000,235.0,1714.41344937965,1805.2381755738984,1
0.4,47100,235.5,1719.97324681709,1809.0791078623536,1
0.4,47200,236.0,1725.09861853316,1812.9200401508085,1
0.4,47300,236.5,1729.31721451804,1816.7609724392637,1
0.4,47400,237.0,1733.68433549803,1820.6019047277189,1
0.4,47500,237.5,1740.8674334824,1824.4428370161738,1
0.4,47600,238.0,1749.03659732548,1828.283769304629,1
0.4,47700,238.5,1757.70623619223,1832.1247015930842,1
0.4,47800,239.0,1766.63906719171,1835.9656338815391,1
0.4,47900,239.5,1774.35638903809,1839.8065661699943,1
0.4,48000,240.0,1783.42830202956,1843.6474984584495,1
0.4,48100,240.5,1792.25826957368,1847.4884307469044,1
0.4,48200,241.0,1793.81148533006,1851.3293630353596,1
0.4,48300,241.5,1797.71632206909,1855.1702953238148,1
0.4,48400,242.0,1799.8128640798,1859.0112276122697,1
0.4,48500,242.5,1801.40732591986,1862.852159900725,1
0.4,48600,243.0,1808.07166360639,1866.69309218918,1
0.4,48700,243.5,1813.24567891224,1870.534024477635,1
0.4,48800,244.0,1817.00812986079,1874.3749567660902,1
0.4,48900,244.5,1821.89410533502,1878.2158890545454,1
0.4,49000,245.0,1826.87744438188,1882.0568213430004,1
0.4,49100,245.5,1834.44156188449,1885.8977536314555,1
0.4,49200,246.0,1841.62070677813,1889.7386859199107,1
0.4,49300,246.5,1848.91595457655,1893.5796182083657,1
0.4,49400,247.0,1856.66738283549,1897.4205504968209,1
0.4,49500,247.5,1861.81397936649,1901.261482785276,1
0.4,49600,248.0,1868.29188394094,1905.102415073731,1
0.4,49700,248.5,1875.34082802228,1908.9433473621862,1
0.4,49800,249.0,1880.46034888048,1912.7842796506413,1
0.4,49900,249.5,1888.48815189693,1916.6252119390963,1
0.4,50000,250.0,1893.00082674437,1920.4661442275515,1
0.4,50100,250.5,1898.30029107386,1924.3070765160066,1
0.4,50200,251.0,1902.55520192962,1928.1480088044616,1
0.4,50300,251.5,1905.30961499403,1931.9889410929168,1
0.4,50400,252.0,1912.76269626591,1935.829873381372,1
0.4,50500,252.5,1917.9441553667,1939.670805669827,1
0.4,50600,253.0,1922.66230951774,1943.511737958282,1
0.4,50700,253.5,1928.90757795063,1947.3526702467373,1
0.4,50800,254.0,1931.54557815182,1951.1936025351922,1
0.4,50900,254.5,1934.13551788589,1955.0345348236474,1
0.4,51000,255.0,1936.86283968961,1958.8754671121026,1
0.4,51100,255.5,1938.4680831095,1962.7163994005575,1
0.4,51200,256.0,1942.08002493305,1966.5573316890127,1
0.4,51300,256.5,1946.83645913065,1970.3982639774679,1
0.4,51400,257.0,1955.23437637172,1974.2391962659228,1
0.4,51500,257.5,1964.13370249825,1978.080128554378,1
0.4,51600,258.0,1973.19814352083,1981.9210608428332,1
0.4,51700,258.5,1976.16697359802,1985.7619931312881,1
0.4,51800,259.0,1976.59195819946,1989.6029254197433,1
0.4,51900,259.5,1978.70628594275,1993.4438577081985,1
0.4,52000,260.0,1981.88816411938,1997.2847899966534,1
0.4,52100,260.5,1985.200660701,2001.1257222851086,1
0.4,52200,261.0,1984.19325817556,2004.9666545735638,1
0.4,52300,261.5,1987.56620798594,2008.8075868620188,1
0.4,52400,262.0,1993.05949705268,2012.648519150474,1
0.4,52500,262.5,1999.29859232919,2016.489451438929,1
0.4,52600,263.0,2003.27648628151,2020.330383727384,1
0.4,52700,263.5,2007.43463554567,2024.1713160158392,1
0.4,52800,264.0,2007.31630073882,2028.0122483042944,1
0.4,52900,264.5,2007.77714117816,2031.8531805927494,1
0.4,53000,265.0,2010.31170878515,2035.6941128812045,1
0.4,53100,265.5,2011.91002893221,2039.5350451696597,1
0.4,53200,266.0,2017.12449155986,2043.3759774581147,1
0.4,53300,266.5,2021.31123293368,2047.2169097465699,1
0.4,53400,267.0,2025.92309582898,2051.057842035025,1
0.4,53500,267.5,2027.10860056295,2054.89877432348,1
0.4,53600,268.0,2033.38213788077,2058.739706611935,1
0.4,53700,268.5,2038.98466527618,2062.58063890039,1
0.4,53800,269.0,2043.63648544162,2066.4215711888455,1
0.4,53900,269.5,2048.09464071171,2070.2625034773005,1
0.4,54000,270.0,2054.68243604427,2074.1034357657554,1
0.4,54100,270.5,2065.45442696392,2077.944368054211,1
0.4,54200,271.0,2071.96458976822,2081.785300342666,1
0.4,54300,271.5,2076.3128236089,2085.6262326311207,1
0.4,54400,272.0,2078.79021048162,2089.467164919576,1
0.4,54500,272.5,2078.68639297087,2093.308097208031,1
0.4,54600,273.0,2080.02356760279,2097.149029496486,1
0.4,54700,273.5,2080.24336990652,2100.9899617849414,1
0.4,54800,274.0,2082.03813818987,2104.8308940733964,1
0.4,54900,274.5,2082.32627375576,2108.6718263618513,1
0.4,55000,275.0,2084.33091341263,2112.5127586503068,1
0.4,55100,275.5,2087.51497992868,2116.3536909387617,1
0.4,55200,276.0,2087.78625626429,2120.1946232272167,1
0.4,55300,276.5,2089.63394585587,2124.035555515672,1
0.4,55400,277.0,2094.5166073105,2127.876487804127,1
0.4,55500,277.5,2099.98354887719,2131.717420092582,1
0.4,55600,278.0,2103.87850675335,2135.5583523810374,1
0.4,55700,278.5,2107.42967378957,2139.3992846694923,1
0.4,55800,279.0,2109.34907106892,2143.2402169579473,1
0.4,55900,279.5,2107.74444179932,2147.0811492464027,1
0.4,56000,280.0,2110.66601246701,2150.9220815348576,1
0.4,56100,280.5,2117.10635488692,2154.7630138233126,1
0.4,56200,281.0,2120.65072694866,2158.603946111768,1
0.4,56300,281.5,2125.59536963719,2162.444878400223,1
0.4,56400,282.0,2132.50835371709,2166.285810688678,1
0.4,56500,282.5,2135.58202245603,2170.1267429771333,1
0.4,56600,283.0,2139.00483517881,2173.9676752655882,1
0.4,56700,283.5,2142.43201968555,2177.808607554043,1
0.4,56800,284.0,2147.87460079515,2181.6495398424986,1
0.4,56900,284.5,2150.65149693025,2185.4904721309535,1
0.4,57000,285.0,2153.36778088732,2189.3314044194085,1
0.4,57100,285.5,2155.70356640824,2193.172336707864,1
0.4,57200,286.0,2158.98831822622,2197.013268996319,1
0.4,57300,286.5,2161.49763418093,2200.854201284774,1
0.4,57400,287.0,2161.8836789454,2204.695133573229,1
0.4,57500,287.5,2161.85977770039,2208.536065861684,1
0.4,57600,288.0,2161.37813131351,2212.376998150139,1
0.4,57700,288.5,2160.90667982215,2216.2179304385945,1
0.4,57800,289.0,2162.8109981821,2220.0588627270495,1
0.4,57900,289.5,2165.31413950018,2223.8997950155044,1
0.4,58000,290.0,2168.72806821897,2227.74072730396,1
0.4,58100,290.5,2172.37496834146,2231.581659592415,1
0.4,58200,291.0,2177.20247144093,2235.4225918808697,1
0.4,58300,291.5,2180.65272054297,2239.263524169325,1
0.4,58400,292.0,2184.55871670085,2243.10445645778,1
0.4,58500,292.5,2189.22850284409,2246.945388746235,1
0.4,58600,293.0,2193.78468245792,2250.7863210346904,1
0.4,58700,293.5,2197.4215838353,2254.6272533231454,1
0.4,58800,294.0,2197.81931942452,2258.4681856116003,1
0.4,58900,294.5,2197.87909025723,2262.3091179000558,1
0.4,59000,295.0,2198.61533705055,2266.1500501885107,1
0.4,59100,295.5,2199.46153142283,2269.9909824769657,1
0.4,59200,296.0,2198.30607095884,2273.831914765421,1
0.4,59300,296.5,2202.99122056037,2277.672847053876,1
0.4,59400,297.0,2210.97680140477,2281.513779342331,1
0.4,59500,297.5,2220.18920612174,2285.3547116307864,1
0.4,59600,298.0,2228.53126200395,2289.1956439192413,1
0.4,59700,298.5,2235.31038455379,2293.0365762076963,1
0.4,59800,299.0,2239.52705160196,2296.8775084961517,1
0.4,59900,299.5,2243.04606761569,2300.7184407846066,1
0.4,60000,300.0,2248.35588118298,2304.5593730730616,1
0.4,60100,300.5,2256.15904517958,2308.400305361517,1
0.4,60200,301.0,2263.21718848108,2312.241237649972,1
0.4,60300,301.5,2271.14158995523,2316.082169938427,1
0.4,60400,302.0,2274.79308398444,2319.9231022268823,1
0.4,60500,302.5,2274.74119646486,2323.7640345153372,1
0.4,60600,303.0,2275.7887970152,2327.604966803792,1
0.4,60700,303.5,2275.8264810396,2331.4458990922476,1
0.4,60800,304.0,2276.76116627458,2335.2868313807026,1
0.4,60900,304.5,2281.97744014364,2339.1277636691575,1
0.4,61000,305.0,2287.50819556246,2342.968695957613,1
0.4,61100,305.5,2292.83631799449,2346.809628246068,1
0.4,61200,306.0,2300.07174366376,2350.650560534523,1
0.4,61300,306.5,2307.17776358205,2354.491492822978,1
0.4,61400,307.0,2313.62464271163,2358.332425111433,1
0.4,61500,307.5,2318.46123854499,2362.173357399888,1
0.4,61600,308.0,2325.21780684245,2366.0142896883435,1
0.4,61700,308.5,2329.72769284561,2369.8552219767985,1
0.4,61800,309.0,2336.10234976133,2373.6961542652534,1
0.4,61900,309.5,2341.03056173197,2377.537086553709,1
0.4,62000,310.0,2344.7604210141,2381.378018842164,1
0.4,62100,310.5,2346.75434984315,2385.2189511306187,1
0.4,62200,311.0,2349.62559778624,2389.059883419074,1
0.4,62300,311.5,2355.10293736074,2392.900815707529,1
0.4,62400,312.0,2361.93273555299,2396.741747995984,1
0.4,62500,312.5,2372.3484861798,2400.5826802844394,1
0.4,62600,313.0,2383.50549887111,2404.4236125728944,1
0.4,62700,313.5,2392.90767692567,2408.2645448613493,1
0.4,62800,314.0,2397.66238948429,2412.1054771498048,1
0.4,62900,314.5,2399.11163633516,2415.9464094382597,1
0.4,63000,315.0,2403.26936774288,2419.7873417267147,1
0.4,63100,315.5,2410.03654696832,2423.62827401517,1
0.4,63200,316.0,2412.93757397957,2427.469206303625,1
0.4,63300,316.5,2419.68404613599,2431.31013859208,1
0.4,63400,317.0,2430.13075958053,2435.1510708805354,1
0.4,63500,317.5,2439.673544547,2438.9920031689903,1
0.4,63600,318.0,2451.03357883153,2442.8329354574453,1
0.4,63700,318.5,2458.26329137018,2446.6738677459007,1
0.4,63800,319.0,2463.21452937184,2450.5148000343556,1
0.4,63900,319.5,2470.60730078845,2454.3557323228106,1
0.4,64000,320.0,2476.85429535075,2458.196664611266,1
0.4,64100,320.5,2477.53256974261,2462.037596899721,1
0.4,64200,321.0,2483.1240606879,2465.878529188176,1
0.4,64300,321.5,2489.88521014867,2469.7194614766313,1
0.4,64400,322.0,2496.01560218536,2473.5603937650862,1
0.4,64500,322.5,2502.05774413704,2477.401326053541,1
0.4,64600,323.0,2506.18054701474,2481.2422583419966,1
0.4,64700,323.5,2510.59162066631,2485.0831906304516,1
0.4,64800,324.0,2512.50067170865,2488.9241229189065,1
0.4,64900,324.5,2511.33941413962,2492.765055207362,1
0.4,65000,325.0,2516.77992036719,2496.605987495817,1
0.4,65100,325.5,2520.8977727579,2500.446919784272,1
0.4,65200,326.0,2525.55181717304,2504.287852072727,1
0.4,65300,326.5,2532.27556834207,2508.128784361182,1
0.4,65400,327.0,2536.86337547697,2511.969716649637,1
0.4,65500,327.5,2541.78824306834,2515.8106489380925,1
0.4,65600,328.0,2542.60329468815,2519.6515812265475,1
0.4,65700,328.5,2540.32893253599,2523.4925135150024,1
0.4,65800,329.0,2542.76610550319,2527.333445803458,1
0.4,65900,329.5,2546.02024564455,2531.174378091913,1
0.4,66000,330.0,2546.93541947916,2535.0153103803677,1
0.4,66100,330.5,2550.61915548324,2538.856242668823,1
0.4,66200,331.0,2550.33129715223,2542.697174957278,1
0.4,66300,331.5,2554.83309731945,2546.538107245733,1
0.4,66400,332.0,2559.59659744582,2550.3790395341885,1
0.4,66500,332.5,2558.88051522978,2554.2199718226434,1
0.4,66600,333.0,2561.32192882797,2558.0609041110984,1
0.4,66700,333.5,2563.7509603375,2561.9018363995538,1
0.4,66800,334.0,2567.85742595287,2565.7427686880087,1
0.4,66900,334.5,2575.15779541992,2569.5837009764637,1
0.4,67000,335.0,2578.39243696865,2573.424633264919,1
0.4,67100,335.5,2580.85652545141,2577.265565553374,1
0.4,67200,336.0,2582.15030855979,2581.106497841829,1
0.4,67300,336.5,2587.65091041641,2584.9474301302844,1
0.4,67400,337.0,2594.73739177418,2588.7883624187393,1
0.4,67500,337.5,2600.90002238137,2592.6292947071943,1
0.4,67600,338.0,2597.56420953692,2596.4702269956497,1
0.4,67700,338.5,2595.52223988312,2600.3111592841046,1
0.4,67800,339.0,2597.51998342273,2604.1520915725596,1
0.4,67900,339.5,2603.46357651613,2607.993023861015,1
0.4,68000,340.0,2608.11596134777,2611.83395614947,1
0.4,68100,340.5,2610.31258699256,2615.674888437925,1
0.4,68200,341.0,2610.31033479371,2619.5158207263803,1
0.4,68300,341.5,2613.90796706606,2623.3567530148352,1
0.4,68400,342.0,2621.06637255547,2627.19768530329,1
0.4,68500,342.5,2624.24349861221,2631.0386175917456,1
0.4,68600,343.0,2629.38532720765,2634.8795498802006,1
0.4,68700,343.5,2636.65136867045,2638.7204821686555,1
0.4,68800,344.0,2644.80285195598,2642.561414457111,1
0.4,68900,344.5,2651.19632570473,2646.402346745566,1
0.4,69000,345.0,2655.25281066484,2650.243279034021,1
0.4,69100,345.5,2657.01116366743,2654.084211322476,1
0.4,69200,346.0,2657.42437960524,2657.925143610931,1
0.4,69300,346.5,2658.34375443267,2661.766075899386,1
0.4,69400,347.0,2659.9760868255,2665.6070081878415,1
0.4,69500,347.5,2663.10511452626,2669.4479404762965,1
0.4,69600,348.0,2668.34785401206,2673.2888727647514,1
0.4,69700,348.5,2676.0324463134,2677.129805053207,1
0.4,69800,349.0,2681.68557639985,2680.970737341662,1
0.4,69900,349.5,2690.12157895553,2684.8116696301167,1
0.4,70000,350.0,2697.13491421373,2688.652601918572,1
0.4,70100,350.5,2704.37575100567,2692.493534207027,1
0.4,70200,351.0,2708.4499340439,2696.334466495482,1
0.4,70300,351.5,2711.39398113775,2700.1753987839375,1
0.4,70400,352.0,2715.18946537627,2704.0163310723924,1
0.4,70500,352.5,2715.40994061995,2707.8572633608474,1
0.4,70600,353.0,2717.89880595722,2711.6981956493028,1
0.4,70700,353.5,2721.85629355231,2715.5391279377577,1
0.4,70800,354.0,2723.13960186678,2719.3800602262127,1
0.4,70900,354.5,2727.6413118339,2723.220992514668,1
0.4,71000,355.0,2730.68729812156,2727.061924803123,1
0.4,71100,355.5,2735.03326102276,2730.902857091578,1
0.4,71200,356.0,2735.28605184347,2734.7437893800334,1
0.4,71300,356.5,2733.4657696384,2738.5847216684883,1
0.4,71400,357.0,2731.11335571422,2742.4256539569433,1
0.4,71500,357.5,2728.62779929072,2746.2665862453987,1
0.4,71600,358.0,2730.57726912625,2750.1075185338536,1
0.4,71700,358.5,2734.09387548898,2753.9484508223086,1
0.4,71800,359.0,2733.24886353698,2757.789383110764,1
0.4,71900,359.5,2731.52714737062,2761.630315399219,1
0.4,72000,360.0,2732.59058246894,2765.471247687674,1
0.4,72100,360.5,2736.62693068441,2769.3121799761293,1
0.4,72200,361.0,2738.27824907538,2773.1531122645843,1
0.4,72300,361.5,2736.36156569535,2776.994044553039,1
0.4,72400,362.0,2737.35234383775,2780.8349768414946,1
0.4,72500,362.5,2739.42935109698,2784.6759091299496,1
0.4,72600,363.0,2747.52432843959,2788.5168414184045,1
0.4,72700,363.5,2756.71601390629,2792.35777370686,1
0.4,72800,364.0,2762.57888997938,2796.198705995315,1
0.4,72900,364.5,2765.12140503893,2800.03963828377,1
0.4,73000,365.0,2765.89452965801,2803.880570572225,1
0.4,73100,365.5,2767.52632088078,2807.72150286068,1
0.4,73200,366.0,2774.34565744221,2811.562435149135,1
0.4,73300,366.5,2777.95661850507,2815.4033674375905,1
0.4,73400,367.0,2782.08723880929,2819.2442997260455,1
0.4,73500,367.5,2785.3619852004,2823.0852320145004,1
0.4,73600,368.0,2786.93251868694,2826.926164302956,1
0.4,73700,368.5,2795.28037794456,2830.767096591411,1
0.4,73800,369.0,2801.7722853643,2834.6080288798657,1
0.4,73900,369.5,2809.80747859384,2838.448961168321,1
0.4,74000,370.0,2813.08745442405,2842.289893456776,1
0.4,74100,370.5,2811.85395057276,2846.130825745231,1
0.4,74200,371.0,2811.22844524189,2849.9717580336865,1
0.4,74300,371.5,2811.49571001574,2853.8126903221414,1
0.4,74400,372.0,2816.33266833055,2857.6536226105964,1
0.4,74500,372.5,2822.19372645753,2861.4945548990518,1
0.4,74600,373.0,2827.47748492489,2865.3354871875067,1
0.4,74700,373.5,2828.60520334016,2869.1764194759617,1
0.4,74800,374.0,2831.49489818129,2873.017351764417,1
0.4,74900,374.5,2830.70484753175,2876.858284052872,1
0.4,75000,375.0,2830.27128182224,2880.699216341327,1
0.4,75100,375.5,2831.38914110466,2884.5401486297824,1
0.4,75200,376.0,2835.98506813276,2888.3810809182373,1
0.4,75300,376.5,2836.74186983595,2892.2220132066923,1
0.4,75400,377.0,2842.77470541385,2896.0629454951477,1
0.4,75500,377.5,2848.1676511942,2899.9038777836026,1
0.4,75600,378.0,2852.4634168373,2903.7448100720576,1
0.4,75700,378.5,2855.0167220876,2907.585742360513,1
0.4,75800,379.0,2856.50109228332,2911.426674648968,1
0.4,75900,379.5,2861.80900353774,2915.267606937423,1
0.4,76000,380.0,2863.23227600475,2919.1085392258783,1
0.4,76100,380.5,2865.92076190616,2922.9494715143333,1
0.4,76200,381.0,2866.86068528918,2926.790403802788,1
0.4,76300,381.5,2867.75159636836,2930.6313360912436,1
0.4,76400,382.0,2872.07813174046,2934.4722683796986,1
0.4,76500,382.5,2877.2488277448,2938.3132006681535,1
0.4,76600,383.0,2883.89336931478,2942.154132956609,1
0.4,76700,383.5,2888.06215023659,2945.995065245064,1
0.4,76800,384.0,2891.93003059694,2949.835997533519,1
0.4,76900,384.5,2892.94393455369,2953.676929821974,1
0.4,77000,385.0,2899.0835513486,2957.517862110429,1
0.4,77100,385.5,2899.73468777693,2961.3587943988846,1
0.4,77200,386.0,2896.60367358634,2965.1997266873395,1
0.4,77300,386.5,2902.28035231262,2969.0406589757945,1
0.4,77400,387.0,2906.97346957083,2972.88159126425,1
0.4,77500,387.5,2908.78288857524,2976.722523552705,1
0.4,77600,388.0,2911.05818971308,2980.56345584116,1
0.4,77700,388.5,2912.25473860582,2984.404388129615,1
0.4,77800,389.0,2916.00826349173,2988.24532041807,1
0.4,77900,389.5,2922.10556208954,2992.086252706525,1
0.4,78000,390.0,2929.9269325267,2995.9271849949805,1
0.4,78100,390.5,2939.53145213363,2999.7681172834355,1
0.4,78200,391.0,2949.81347395968,3003.6090495718904,1
0.4,78300,391.5,2950.80142498309,3007.449981860346,1
0.4,78400,392.0,2953.3019308489,3011.2909141488008,1
0.4,78500,392.5,2957.25169714297,3015.1318464372557,1
0.4,78600,393.0,2960.62713265336,3018.972778725711,1
0.4,78700,393.5,2964.51853377841,3022.813711014166,1
0.4,78800,394.0,2966.18180902587,3026.654643302621,1
0.4,78900,394.5,2972.08476674245,3030.4955755910764,1
0.4,79000,395.0,2977.69583444773,3034.3365078795314,1
0.4,79100,395.5,2983.08275040966,3038.1774401679863,1
0.4,79200,396.0,2988.51429292318,3042.0183724564417,1
0.4,79300,396.5,2997.0681965704,3045.8593047448967,1
0.4,79400,397.0,3006.35661005462,3049.7002370333516,1
0.4,79500,397.5,3014.160425067,3053.541169321807,1
0.4,79600,398.0,3018.09444181861,3057.382101610262,1
0.4,79700,398.5,3019.90695248376,3061.223033898717,1
0.4,79800,399.0,3020.1513396395,3065.0639661871724,1
0.4,79900,399.5,3023.45756382162,3068.9048984756273,1
0.4,80000,400.0,3025.65928429831,3072.7458307640823,1
0.4,80100,400.5,3031.39398830589,3076.5867630525377,1
0.4,80200,401.0,3036.0844643058,3080.4276953409926,1
0.4,80300,401.5,3039.54071406194,3084.2686276294476,1
0.4,80400,402.0,3045.51088708099,3088.109559917903,1
0.4,80500,402.5,3050.83948501698,3091.950492206358,1
0.4,80600,403.0,3049.69566425225,3095.791424494813,1
0.4,80700,403.5,3050.2438581852,3099.6323567832683,1
0.4,80800,404.0,3056.22628404943,3103.4732890717232,1
0.4,80900,404.5,3061.30619475438,3107.314221360178,1
0.4,81000,405.0,3061.14337097854,3111.1551536486336,1
0.4,81100,405.5,3063.57212125741,3114.9960859370885,1
0.4,81200,406.0,3068.61467151822,3118.8370182255435,1
0.4,81300,406.5,3071.80339338179,3122.677950513999,1
0.4,81400,407.0,3075.74398067851,3126.518882802454,1
0.4,81500,407.5,3076.96932567692,3130.359815090909,1
0.4,81600,408.0,3079.69450963746,3134.200747379364,1
0.4,81700,408.5,3084.87941820277,3138.041679667819,1
0.4,81800,409.0,3089.21842483962,3141.882611956274,1
0.4,81900,409.5,3094.33629095147,3145.7235442447295,1
0.4,82000,410.0,3099.89032550759,3149.5644765331845,1
0.4,82100,410.5,3102.63325325565,3153.4054088216394,1
0.4,82200,411.0,3101.81101935,3157.246341110095,1
0.4,82300,411.5,3104.58093939036,3161.0872733985498,1
0.4,82400,412.0,3106.09240721366,3164.9282056870047,1
0.4,82500,412.5,3108.89676127962,3168.76913797546,1
0.4,82600,413.0,3115.48259903416,3172.610070263915,1
0.4,82700,413.5,3118.84997181014,3176.45100255237,1
0.4,82800,414.0,3123.06870016981,3180.2919348408254,1
0.4,82900,414.5,3128.12502026701,3184.1328671292804,1
0.4,83000,415.0,3130.95459767378,3187.9737994177353,1
0.4,83100,415.5,3131.91372516933,3191.8147317061907,1
0.4,83200,416.0,3130.94068717619,3195.6556639946457,1
0.4,83300,416.5,3130.69273080275,3199.4965962831006,1
0.4,83400,417.0,3130.08106842006,3203.337528571556,1
0.4,83500,417.5,3132.27985560315,3207.178460860011,1
0.4,83600,418.0,3138.98975781478,3211.019393148466,1
0.4,83700,418.5,3148.56905131071,3214.8603254369214,1
0.4,83800,419.0,3158.5253171806,3218.7012577253763,1
0.4,83900,419.5,3166.73705037216,3222.5421900138313,1
0.4,84000,420.0,3173.63447427597,3226.3831223022867,1
0.4,84100,420.5,3177.94191962694,3230.2240545907416,1
0.4,84200,421.0,3180.31272407262,3234.0649868791966,1
0.4,84300,421.5,3183.28187149909,3237.905919167652,1
0.4,84400,422.0,3183.11076091532,3241.746851456107,1
0.4,84500,422.5,3184.48313244928,3245.587783744562,1
0.4,84600,423.0,3182.03903939118,3249.4287160330173,1
0.4,84700,423.5,3179.05246176752,3253.2696483214722,1
0.4,84800,424.0,3179.52095783847,3257.110580609927,1
0.4,84900,424.5,3181.3214775679,3260.9515128983826,1
0.4,85000,425.0,3185.94535140129,3264.7924451868375,1
0.4,85100,425.5,3189.89429979464,3268.6333774752925,1
0.4,85200,426.0,3195.27938499746,3272.474309763748,1
0.4,85300,426.5,3201.07514717441,3276.315242052203,1
0.4,85400,427.0,3206.48916456172,3280.156174340658,1
0.4,85500,427.5,3208.33582685697,3283.997106629113,1
0.4,85600,428.0,3212.85066664486,3287.838038917568,1
0.4,85700,428.5,3216.63517423337,3291.678971206023,1
0.4,85800,429.0,3219.45323432123,3295.5199034944785,1
0.4,85900,429.5,3217.63534848288,3299.3608357829335,1
0.4,86000,430.0,3212.5426995094,3303.2017680713884,1
0.4,86100,430.5,3208.22867411475,3307.042700359844,1
0.4,86200,431.0,3204.82735466661,3310.8836326482988,1
0.4,86300,431.5,3207.03460281292,3314.7245649367537,1
0.4,86400,432.0,3209.55365056554,3318.565497225209,1
0.4,86500,432.5,3210.23874734465,3322.406429513664,1
0.4,86600,433.0,3214.68765418433,3326.247361802119,1
0.4,86700,433.5,3220.05331967844,3330.0882940905744,1
0.4,86800,434.0,3224.88985711293,3333.9292263790294,1
0.4,86900,434.5,3226.16669210352,3337.7701586674843,1
0.4,87000,435.0,3225.21527399078,3341.6110909559397,1
0.4,87100,435.5,3228.32611066172,3345.4520232443947,1
0.4,87200,436.0,3230.9453832721,3349.2929555328496,1
0.4,87300,436.5,3236.08927939673,3353.133887821305,1
0.4,87400,437.0,3244.42685216596,3356.97482010976,1
0.4,87500,437.5,3253.53315423381,3360.815752398215,1
0.4,87600,438.0,3259.85920407061,3364.6566846866704,1
0.4,87700,438.5,3261.70943243151,3368.4976169751253,1
0.4,87800,439.0,3261.70655931571,3372.3385492635803,1
0.4,87900,439.5,3262.18069577451,3376.1794815520357,1
0.4,88000,440.0,3265.15188203413,3380.0204138404906,1
0.4,88100,440.5,3267.76678214688,3383.8613461289456,1
0.4,88200,441.0,3273.35047220515,3387.702278417401,1
0.4,88300,441.5,3273.9349490002,3391.543210705856,1
0.4,88400,442.0,3273.94182076664,3395.384142994311,1
0.4,88500,442.5,3277.32311436774,3399.2250752827663,1
0.4,88600,443.0,3280.74211593143,3403.0660075712212,1
0.4,88700,443.5,3285.4023519173,3406.906939859676,1
0.4,88800,444.0,3293.46115501466,3410.7478721481316,1
0.4,88900,444.5,3302.67281412019,3414.5888044365865,1
0.4,89000,445.0,3309.88369840755,3418.4297367250415,1
0.4,89100,445.5,3308.26202085864,3422.270669013497,1
0.4,89200,446.0,3303.20809235946,3426.111601301952,1
0.4,89300,446.5,3306.00050663192,3429.952533590407,1
0.4,89400,447.0,3310.07805297432,3433.793465878862,1
0.4,89500,447.5,3312.34437236227,3437.634398167317,1
0.4,89600,448.0,3315.06104677872,3441.475330455772,1
0.4,89700,448.5,3319.67491096102,3445.3162627442275,1
0.4,89800,449.0,3321.5789374327,3449.1571950326825,1
0.4,89900,449.5,3328.71738470545,3452.9981273211374,1
0.4,90000,450.0,3333.44618683636,3456.839059609593,1
0.4,90100,450.5,3335.10920335158,3460.679991898048,0
0.4,90200,451.0,3337.31614649828,3464.5209241865027,0
0.4,90300,451.5,3344.6203986331,3468.361856474958,0
0.4,90400,452.0,3348.09106635307,3472.202788763413,0
0.4,90500,452.5,3349.00367029468,3476.043721051868,0
0.4,90600,453.0,3348.66126240854,3479.8846533403234,0
0.4,90700,453.5,3346.18585016484,3483.7255856287784,0
0.4,90800,454.0,3344.08719551547,3487.5665179172333,0
0.4,90900,454.5,3346.41146185985,3491.4074502056887,0
0.4,91000,455.0,3350.72464725637,3495.2483824941437,0
0.4,91100,455.5,3356.5572672436,3499.0893147825986,0
0.4,91200,456.0,3360.01111712292,3502.930247071054,0
0.4,91300,456.5,3361.50471071092,3506.771179359509,0
0.4,91400,457.0,3362.87355681361,3510.612111647964,0
0.4,91500,457.5,3364.71095304653,3514.4530439364194,0
0.4,91600,458.0,3370.70001327741,3518.2939762248743,0
0.4,91700,458.5,3374.6041134365,3522.1349085133293,0
0.4,91800,459.0,3382.11086486858,3525.9758408017847,0
0.4,91900,459.5,3388.93909951366,3529.8167730902396,0
0.4,92000,460.0,3394.9897922398,3533.6577053786946,0
0.4,92100,460.5,3401.08726164615,3537.49863766715,0
0.4,92200,461.0,3407.88027788172,3541.339569955605,0
0.4,92300,461.5,3409.99199275891,3545.18050224406,0
0.4,92400,462.0,3411.02834503056,3549.0214345325153,0
0.4,92500,462.5,3411.81930426031,3552.8623668209702,0
0.4,92600,463.0,3416.46419916045,3556.703299109425,0
0.4,92700,463.5,3421.75756678926,3560.5442313978806,0
0.4,92800,464.0,3424.76127484358,3564.3851636863355,0
0.4,92900,464.5,3429.04824742201,3568.2260959747905,0
0.4,93000,465.0,3431.9844305483,3572.067028263246,0
0.4,93100,465.5,3432.64456517261,3575.907960551701,0
0.4,93200,466.0,3432.87287078379,3579.748892840156,0
0.4,93300,466.5,3434.36257279127,3583.589825128611,0
0.4,93400,467.0,3437.82480729629,3587.430757417066,0
0.4,93500,467.5,3435.58566081692,3591.271689705521,0
0.4,93600,468.0,3435.88343154479,3595.1126219939765,0
0.4,93700,468.5,3432.92737899843,3598.9535542824315,0
0.4,93800,469.0,3431.28436817945,3602.7944865708864,0
0.4,93900,469.5,3431.16610029899,3606.635418859342,0
0.4,94000,470.0,3433.25000618331,3610.476351147797,0
0.4,94100,470.5,3438.49989757246,3614.3172834362517,0
0.4,94200,471.0,3436.71745779027,3618.158215724707,0
0.4,94300,471.5,3437.54938043309,3621.999148013162,0
0.4,94400,472.0,3439.90093804617,3625.840080301617,0
0.4,94500,472.5,3439.02931125328,3629.6810125900724,0
0.4,94600,473.0,3438.51218354676,3633.5219448785274,0
0.4,94700,473.5,3441.12788341571,3637.3628771669823,0
0.4,94800,474.0,3442.83766956639,3641.2038094554377,0
0.4,94900,474.5,3443.21518389519,3645.0447417438927,0
0.4,95000,475.0,3444.86240288953,3648.8856740323477,0
0.4,95100,475.5,3448.59571559218,3652.726606320803,0
0.4,95200,476.0,3450.58171986191,3656.567538609258,0
0.4,95300,476.5,3448.78831907507,3660.408470897713,0
0.4,95400,477.0,3451.22937485764,3664.2494031861684,0
0.4,95500,477.5,3458.06967647756,3668.0903354746233,0
0.4,95600,478.0,3464.6423237792,3671.9312677630783,0
0.4,95700,478.5,3470.72996089179,3675.7722000515337,0
0.4,95800,479.0,3475.64365216937,3679.6131323399886,0
0.4,95900,479.5,3476.81331085897,3683.4540646284436,0
0.4,96000,480.0,3481.43824012477,3687.294996916899,0
0.4,96100,480.5,3484.21456198071,3691.135929205354,0
0.4,96200,481.0,3486.16333262721,3694.976861493809,0
0.4,96300,481.5,3491.13581466517,3698.8177937822643,0
0.4,96400,482.0,3496.74447063688,3702.6587260707192,0
0.4,96500,482.5,3501.16878247286,3706.499658359174,0
0.4,96600,483.0,3509.84398444579,3710.3405906476296,0
0.4,96700,483.5,3515.20764223977,3714.1815229360845,0
0.4,96800,484.0,3525.52522004536,3718.0224552245395,0
0.4,96900,484.5,3530.18616248904,3721.863387512995,0
0.4,97000,485.0,3536.32006892972,3725.70431980145,0
0.4,97100,485.5,3538.70775723593,3729.545252089905,0
0.4,97200,486.0,3543.9475147627,3733.38618437836,0
0.4,97300,486.5,3546.7257832356,3737.227116666815,0
0.4,97400,487.0,3553.30175601712,3741.06804895527,0
0.4,97500,487.5,3558.2124179665,3744.9089812437255,0
0.4,97600,488.0,3559.40389022586,3748.7499135321805,0
0.4,97700,488.5,3562.4261330223,3752.5908458206354,0
0.4,97800,489.0,3566.75013791911,3756.431778109091,0
0.4,97900,489.5,3568.23704635866,3760.272710397546,0
0.4,98000,490.0,3569.5023851308,3764.1136426860007,0
0.4,98100,490.5,3572.46064310271,3767.954574974456,0
0.4,98200,491.0,3579.36815006724,3771.795507262911,0
0.4,98300,491.5,3583.37675826939,3775.636439551366,0
0.4,98400,492.0,3580.95587076821,3779.4773718398214,0
0.4,98500,492.5,3577.52972803387,3783.3183041282764,0
0.4,98600,493.0,3578.54169911331,3787.1592364167313,0
0.4,98700,493.5,3580.37953326935,3791.0001687051868,0
0.4,98800,494.0,3588.85447225191,3794.8411009936417,0
0.4,98900,494.5,3593.2426084727,3798.6820332820967,0
0.4,99000,495.0,3600.35605463763,3802.522965570552,0
0.4,99100,495.5,3607.00560690629,3806.363897859007,0
0.4,99200,496.0,3614.31776526163,3810.204830147462,0
0.4,99300,496.5,3619.19345883643,3814.0457624359174,0
0.4,99400,497.0,3624.88408513095,3817.8866947243723,0
0.4,99500,497.5,3631.61745966437,3821.7276270128273,0
0.4,99600,498.0,3631.78136098125,3825.5685593012827,0
0.4,99700,498.5,3632.69731933609,3829.4094915897376,0
0.4,99800,499.0,3632.00862647717,3833.2504238781926,0
0.4,99900,499.5,3632.26156289826,3837.091356166648,0
0.4,100000,500.0,3638.0933555272,3840.932288455103,0
0.5,0,0.0,7.59105071876075e-29,0.0,0
0.5,100,0.5,1.08279116495872,2.7214781334209235,0
0.5,200,1.0,3.11197942306955,5.442956266841847,0
0.5,300,1.5,5.4777101433154,8.16443440026277,0
0.5,400,2.0,8.18537067069425,10.885912533683694,0
0.5,500,2.5,10.81424964609,13.607390667104617,0
0.5,600,3.0,13.7462809456984,16.32886880052554,0
0.5,700,3.5,16.44067292084,19.050346933946464,0
0.5,800,4.0,19.2141991457497,21.771825067367388,0
0.5,900,4.5,21.8997008015485,24.49330320078831,0
0.5,1000,5.0,24.4870187621755,27.214781334209235,0
0.5,1100,5.5,27.0548831606364,29.93625946763016,0
0.5,1200,6.0,29.8914750857035,32.65773760105108,0
0.5,1300,6.5,33.1892889830054,35.379215734472005,0
0.5,1400,7.0,36.0796141644937,38.10069386789293,0
0.5,1500,7.5,38.8048181480052,40.82217200131385,0
0.5,1600,8.0,41.2711234918379,43.543650134734776,0
0.5,1700,8.5,43.7430142801128,46.2651282681557,0
0.5,1800,9.0,46.6601272306619,48.98660640157662,0
0.5,1900,9.5,49.4837259205592,51.708084534997546,0
0.5,2000,10.0,52.128476381478,54.42956266841847,0
0.5,2100,10.5,55.3202140802983,57.15104080183939,0
0.5,2200,11.0,58.4138382570098,59.87251893526032,0
0.5,2300,11.5,61.1299408233022,62.59399706868124,0
0.5,2400,12.0,64.2234541926791,65.31547520210216,0
0.5,2500,12.5,67.1968634679099,68.0369533355231,0
0.5,2600,13.0,69.4206423011732,70.75843146894401,0
0.5,2700,13.5,72.4710487350054,73.47990960236493,0
0.5,2800,14.0,75.8208955060591,76.20138773578586,0
0.5,2900,14.5,79.296879683455,78.92286586920679,0
0.5,3000,15.0,82.730548697921,81.6443440026277,0
0.5,3100,15.5,85.9855914374191,84.36582213604862,0
0.5,3200,16.0,88.8423199593232,87.08730026946955,0
0.5,3300,16.5,92.277123163301,89.80877840289048,0
0.5,3400,17.0,95.481756966789,92.5302565363114,0
0.5,3500,17.5,99.376922020073,95.25173466973231,0
0.5,3600,18.0,102.788236995196,97.97321280315325,0
0.5,3700,18.5,106.202990911773,100.69469093657418,0
0.5,3800,19.0,110.647188846866,103.41616906999509,0
0.5,3900,19.5,114.11889702088,106.13764720341601,0
0.5,4000,20.0,117.002546013315,108.85912533683694,0
0.5,4100,20.5,120.887071194701,111.58060347025787,0
0.5,4200,21.0,124.207467732055,114.30208160367879,0
0.5,4300,21.5,127.372874830279,117.0235597370997,0
0.5,4400,22.0,130.393517936957,119.74503787052063,0
0.5,4500,22.5,133.405017038078,122.46651600394156,0
0.5,4600,23.0,136.445691372749,125.18799413736248,0
0.5,4700,23.5,139.619670838128,127.9094722707834,0
0.5,4800,24.0,143.133809239228,130.63095040420433,0
0.5,4900,24.5,146.995730266778,133.35242853762526,0
0.5,5000,25.0,150.001717770362,136.0739066710462,0
0.5,5100,25.5,152.51874901465,138.7953848044671,0
0.5,5200,26.0,154.518230364411,141.51686293788802,0
0.5,5300,26.5,156.380779528691,144.23834107130895,0
0.5,5400,27.0,159.212217035752,146.95981920472985,0
0.5,5500,27.5,160.673646075954,149.68129733815078,0
0.5,5600,28.0,163.2032104523,152.40277547157172,0
0.5,5700,28.5,165.231545786717,155.12425360499265,0
0.5,5800,29.0,166.529746519433,157.84573173841358,0
0.5,5900,29.5,168.432206178712,160.56720987183448,0
0.5,6000,30.0,171.332695924784,163.2886880052554,0
0.5,6100,30.5,174.477583753841,166.01016613867634,0
0.5,6200,31.0,176.897230953079,168.73164427209724,0
0.5,6300,31.5,179.61306189424,171.45312240551817,0
0.5,6400,32.0,182.511699375681,174.1746005389391,0
0.5,6500,32.5,185.530025553534,176.89607867236003,0
0.5,6600,33.0,188.214156785131,179.61755680578096,0
0.5,6700,33.5,190.370958200297,182.33903493920187,0
0.5,6800,34.0,193.958972883636,185.0605130726228,0
0.5,6900,34.5,197.876456191813,187.78199120604373,0
0.5,7000,35.0,201.452821361075,190.50346933946463,0
0.5,7100,35.5,204.413020479003,193.22494747288556,0
0.5,7200,36.0,208.038047348412,195.9464256063065,0
0.5,7300,36.5,212.283399585076,198.66790373972742,0
0.5,7400,37.0,214.518458277619,201.38938187314835,0
0.5,7500,37.5,217.304715953657,204.11086000656925,0
0.5,7600,38.0,219.755361703623,206.83233813999018,0
0.5,7700,38.5,222.335979636662,209.55381627341112,0
0.5,7800,39.0,224.062577948139,212.27529440683202,0
0.5,7900,39.5,226.428157917993,214.99677254025295,0
0.5,8000,40.0,229.05203873915,217.71825067367388,0
0.5,8100,40.5,231.692081557536,220.4397288070948,0
0.5,8200,41.0,235.317407187499,223.16120694051574,0
0.5,8300,41.5,237.631006401119,225.88268507393664,0
0.5,8400,42.0,239.822593306469,228.60416320735757,0
0.5,8500,42.5,243.182749071547,231.3256413407785,0
0.5,8600,43.0,244.780001934292,234.0471194741994,0
0.5,8700,43.5,248.00764368235,236.76859760762034,0
0.5,8800,44.0,252.281449539239,239.49007574104127,0
0.5,8900,44.5,254.493602279208,242.2115538744622,0
0.5,9000,45.0,257.289498924848,244.93303200788313,0
0.5,9100,45.5,261.423679065179,247.65451014130403,0
0.5,9200,46.0,265.778951137085,250.37598827472496,0
0.5,9300,46.5,269.445951945702,253.0974664081459,0
0.5,9400,47.0,273.598672444489,255.8189445415668,0
0.5,9500,47.5,277.956801904808,258.5404226749877,0
0.5,9600,48.0,280.588705971112,261.26190080840865,0
0.5,9700,48.5,282.896884808129,263.9833789418296,0
0.5,9800,49.0,285.024541239949,266.7048570752505,0
0.5,9900,49.5,287.207295733822,269.42633520867145,0
0.5,10000,50.0,289.739851483769,272.1478133420924,0
0.5,10100,50.5,292.318811954449,274.86929147551325,0
0.5,10200,51.0,294.898885572101,277.5907696089342,0
0.5,10300,51.5,295.825325067477,280.3122477423551,0
0.5,10400,52.0,297.859191236428,283.03372587577604,0
0.5,10500,52.5,299.159913263432,285.755204009197,0
0.5,10600,53.0,300.785502237232,288.4766821426179,0
0.5,10700,53.5,301.896591230736,291.19816027603883,0
0.5,10800,54.0,303.977735846154,293.9196384094597,0
0.5,10900,54.5,306.65986711347,296.64111654288064,0
0.5,11000,55.0,308.523183689714,299.36259467630157,0
0.5,11100,55.5,310.556501668819,302.0840728097225,0
0.5,11200,56.0,313.454973498218,304.80555094314343,0
0.5,11300,56.5,316.81321201114,307.52702907656436,0
0.5,11400,57.0,319.541238166065,310.2485072099853,0
0.5,11500,57.5,323.010944519032,312.9699853434062,0
0.5,11600,58.0,326.586703812848,315.69146347682715,0
0.5,11700,58.5,330.330368791987,318.412941610248,0
0.5,11800,59.0,333.437875188466,321.13441974366896,0
0.5,11900,59.5,335.848880951559,323.8558978770899,0
0.5,12000,60.0,339.04757364395,326.5773760105108,0
0.5,12100,60.5,342.544449996362,329.29885414393175,0
0.5,12200,61.0,345.236821628189,332.0203322773527,0
0.5,12300,61.5,345.367296590404,334.7418104107736,0
0.5,12400,62.0,347.425304706673,337.4632885441945,0
0.5,12500,62.5,350.381498221082,340.1847666776154,0
0.5,12600,63.0,352.678402927307,342.90624481103634,0
0.5,12700,63.5,355.967645719365,345.6277229444573,0
0.5,12800,64.0,359.992585047871,348.3492010778782,0
0.5,12900,64.5,363.325292467729,351.07067921129914,0
0.5,13000,65.0,365.885363635706,353.79215734472007,0
0.5,13100,65.5,369.019228272048,356.513635478141,0
0.5,13200,66.0,372.606788041482,359.2351136115619,0
0.5,13300,66.5,376.272385961369,361.9565917449828,0
0.5,13400,67.0,380.607344774061,364.67806987840373,0
0.5,13500,67.5,383.997866443622,367.39954801182466,0
0.5,13600,68.0,385.551250147943,370.1210261452456,0
0.5,13700,68.5,387.563583081218,372.8425042786665,0
0.5,13800,69.0,390.519876618013,375.56398241208746,0
0.5,13900,69.5,392.64625465808,378.2854605455084,0
0.5,14000,70.0,394.767481698358,381.00693867892926,0
0.5,14100,70.5,398.265059092979,383.7284168123502,0
0.5,14200,71.0,400.980583786933,386.4498949457711,0
0.5,14300,71.5,401.958639961847,389.17137307919205,0
0.5,14400,72.0,402.947645708643,391.892851212613,0
0.5,14500,72.5,406.093532340098,394.6143293460339,0
0.5,14600,73.0,409.117326329835,397.33580747945484,0
0.5,14700,73.5,412.552029928127,400.0572856128758,0
0.5,14800,74.0,416.037874225632,402.7787637462967,0
0.5,14900,74.5,420.747155733782,405.5002418797176,0
0.5,15000,75.0,425.642308781501,408.2217200131385,0
0.5,15100,75.5,428.710208966353,410.94319814655944,0
0.5,15200,76.0,430.523451028592,413.66467627998037,0
0.5,15300,76.5,431.119957475007,416.3861544134013,0
0.5,15400,77.0,433.655272070654,419.10763254682223,0
0.5,15500,77.5,435.813023104766,421.82911068024316,0
0.5,15600,78.0,436.556160294248,424.55058881366404,0
0.5,15700,78.5,437.710110681447,427.27206694708497,0
0.5,15800,79.0,440.119074797811,429.9935450805059,0
0.5,15900,79.5,443.510428494847,432.7150232139268,0
0.5,16000,80.0,446.346236219941,435.43650134734776,0
0.5,16100,80.5,450.364519979974,438.1579794807687,0
0.5,16200,81.0,454.11773984542,440.8794576141896,0
0.5,16300,81.5,455.533814916128,443.60093574761055,0
0.5,16400,82.0,457.361404013799,446.3224138810315,0
0.5,16500,82.5,458.96187384845,449.04389201445235,0
0.5,16600,83.0,461.757765866869,451.7653701478733,0
0.5,16700,83.5,463.335707220296,454.4868482812942,0
0.5,16800,84.0,465.018894004662,457.20832641471515,0
0.5,16900,84.5,466.317149371069,459.9298045481361,0
0.5,17000,85.0,470.245348221481,462.651282681557,0
0.5,17100,85.5,472.033202377013,465.37276081497794,0
0.5,17200,86.0,474.073660172947,468.0942389483988,0
0.5,17300,86.5,477.014200720688,470.81571708181974,0
0.5,17400,87.0,480.422230128393,473.5371952152407,0
0.5,17500,87.5,483.934730794319,476.2586733486616,0
0.5,17600,88.0,486.105836220804,478.98015148208253,0
0.5,17700,88.5,487.069391932303,481.70162961550346,0
0.5,17800,89.0,489.323145442761,484.4231077489244,0
0.5,17900,89.5,492.617382826937,487.1445858823453,0
0.5,18000,90.0,496.939726364535,489.86606401576626,0
0.5,18100,90.5,501.376364248874,492.58754214918713,0
0.5,18200,91.0,505.308971369032,495.30902028260806,0
0.5,18300,91.5,509.034259054966,498.030498416029,0
0.5,18400,92.0,510.317506460928,500.7519765494499,0
0.5,18500,92.5,514.005753204254,503.47345468287085,0
0.5,18600,93.0,517.407380654457,506.1949328162918,0
0.5,18700,93.5,519.219854230725,508.9164109497127,0
0.5,18800,94.0,523.783066557893,511.6378890831336,0
0.5,18900,94.5,528.172923495808,514.3593672165546,0
0.5,19000,95.0,531.418669960435,517.0808453499754,0
0.5,19100,95.5,534.918515920266,519.8023234833964,0
0.5,19200,96.0,538.903083729799,522.5238016168173,0
0.5,19300,96.5,543.737034820441,525.2452797502382,0
0.5,19400,97.0,546.29121825431,527.9667578836592,0
0.5,19500,97.5,549.571818079611,530.68823601708,0
0.5,19600,98.0,553.729943834125,533.409714150501,0
0.5,19700,98.5,558.636295132688,536.1311922839219,0
0.5,19800,99.0,560.642364435967,538.8526704173429,0
0.5,19900,99.5,563.897266869083,541.5741485507638,0
0.5,20000,100.0,568.570414171571,544.2956266841848,1
0.5,20100,100.5,572.023012569915,547.0171048176056,1
0.5,20200,101.0,574.090120938896,549.7385829510265,1
0.5,20300,101.5,576.341936316405,552.4600610844475,1
0.5,20400,102.0,577.523074227475,555.1815392178684,1
0.5,20500,102.5,576.148569649592,557.9030173512893,1
0.5,20600,103.0,578.493912601785,560.6244954847102,1
0.5,20700,103.5,581.329406673801,563.3459736181312,1
0.5,20800,104.0,584.327444593704,566.0674517515521,1
0.5,20900,104.5,586.057726822964,568.788929884973,1
0.5,21000,105.0,588.901122421894,571.510408018394,1
0.5,21100,105.5,589.869276061613,574.2318861518148,1
0.5,21200,106.0,590.543580588013,576.9533642852358,1
0.5,21300,106.5,590.904925624651,579.6748424186567,1
0.5,21400,107.0,593.074446555049,582.3963205520777,1
0.5,21500,107.5,597.426928550509,585.1177986854985,1
0.5,21600,108.0,600.393707099285,587.8392768189194,1
0.5,21700,108.5,600.990504021101,590.5607549523404,1
0.5,21800,109.0,601.799822357633,593.2822330857613,1
0.5,21900,109.5,603.423814534124,596.0037112191823,1
0.5,22000,110.0,604.310034127905,598.7251893526031,1
0.5,22100,110.5,604.764239969413,601.4466674860241,1
0.5,22200,111.0,606.044341498005,604.168145619445,1
0.5,22300,111.5,607.622737940146,606.889623752866,1
0.5,22400,112.0,608.366210164034,609.6111018862869,1
0.5,22500,112.5,610.14010758892,612.3325800197077,1
0.5,22600,113.0,611.594743298505,615.0540581531287,1
0.5,22700,113.5,613.733459690565,617.7755362865496,1
0.5,22800,114.0,617.709616092039,620.4970144199706,1
0.5,22900,114.5,621.315003282553,623.2184925533915,1
0.5,23000,115.0,624.963979526276,625.9399706868124,1
0.5,23100,115.5,627.024494909767,628.6614488202333,1
0.5,23200,116.0,629.107445735874,631.3829269536543,1
0.5,23300,116.5,632.637055049645,634.1044050870752,1
0.5,23400,117.0,635.630440689248,636.825883220496,1
0.5,23500,117.5,637.948743928486,639.547361353917,1
0.5,23600,118.0,639.296948313878,642.2688394873379,1
0.5,23700,118.5,641.628964443857,644.9903176207589,1
0.5,23800,119.0,643.515735364788,647.7117957541798,1
0.5,23900,119.5,645.700835930692,650.4332738876008,1
0.5,24000,120.0,647.352811429984,653.1547520210216,1
0.5,24100,120.5,650.551683027036,655.8762301544425,1
0.5,24200,121.0,654.612700347402,658.5977082878635,1
0.5,24300,121.5,658.723759739394,661.3191864212844,1
0.5,24400,122.0,661.890624726333,664.0406645547054,1
0.5,24500,122.5,663.566711418121,666.7621426881262,1
0.5,24600,123.0,665.306176792579,669.4836208215472,1
0.5,24700,123.5,667.598162722314,672.2050989549681,1
0.5,24800,124.0,666.843110008611,674.926577088389,1
0.5,24900,124.5,668.273151056192,677.64805522181,1
0.5,25000,125.0,670.081010701537,680.3695333552308,1
0.5,25100,125.5,671.232144544834,683.0910114886518,1
0.5,25200,126.0,674.165185657276,685.8124896220727,1
0.5,25300,126.5,677.370434230026,688.5339677554937,1
0.5,25400,127.0,680.417589438058,691.2554458889146,1
0.5,25500,127.5,685.693164907707,693.9769240223355,1
0.5,25600,128.0,689.724208619578,696.6984021557564,1
0.5,25700,128.5,692.84037659034,699.4198802891773,1
0.5,25800,129.0,697.212082532031,702.1413584225983,1
0.5,25900,129.5,700.238997585032,704.8628365560191,1
0.5,26000,130.0,703.593831197784,707.5843146894401,1
0.5,26100,130.5,708.357832089886,710.305792822861,1
0.5,26200,131.0,712.981866027439,713.027270956282,1
0.5,26300,131.5,717.329319638812,715.7487490897029,1
0.5,26400,132.0,722.57174189909,718.4702272231239,1
0.5,26500,132.5,726.462949979144,721.1917053565447,1
0.5,26600,133.0,727.907447617627,723.9131834899656,1
0.5,26700,133.5,728.742290216372,726.6346616233866,1
0.5,26800,134.0,732.999085264534,729.3561397568075,1
0.5,26900,134.5,737.153076642314,732.0776178902285,1
0.5,27000,135.0,741.066417009027,734.7990960236493,1
0.5,27100,135.5,745.192780342986,737.5205741570703,1
0.5,27200,136.0,748.065727757107,740.2420522904912,1
0.5,27300,136.5,751.172127653748,742.9635304239121,1
0.5,27400,137.0,756.204531021205,745.685008557333,1
0.5,27500,137.5,759.404811964561,748.4064866907539,1
0.5,27600,138.0,763.757606197622,751.1279648241749,1
0.5,27700,138.5,768.058051124835,753.8494429575958,1
0.5,27800,139.0,770.36230670432,756.5709210910168,1
0.5,27900,139.5,771.725121474173,759.2923992244376,1
0.5,28000,140.0,775.047384157059,762.0138773578585,1
0.5,28100,140.5,778.284129936262,764.7353554912795,1
0.5,28200,141.0,782.787395939055,767.4568336247004,1
0.5,28300,141.5,785.711329774103,770.1783117581214,1
0.5,28400,142.0,788.303682306896,772.8997898915422,1
0.5,28500,142.5,792.300583872017,775.6212680249632,1
0.5,28600,143.0,794.171040642517,778.3427461583841,1
0.5,28700,143.5,794.791187035816,781.0642242918051,1
0.5,28800,144.0,798.04850222427,783.785702425226,1
0.5,28900,144.5,803.152775710449,786.5071805586468,1
0.5,29000,145.0,805.14836962143,789.2286586920678,1
0.5,29100,145.5,808.141458480607,791.9501368254887,1
0.5,29200,146.0,811.714719831878,794.6716149589097,1
0.5,29300,146.5,815.395327251359,797.3930930923306,1
0.5,29400,147.0,818.502733912575,800.1145712257515,1
0.5,29500,147.5,821.056192433163,802.8360493591724,1
0.5,29600,148.0,826.748898918559,805.5575274925934,1
0.5,29700,148.5,831.825131436609,808.2790056260143,1
0.5,29800,149.0,834.589351011723,811.0004837594352,1
0.5,29900,149.5,837.402934757446,813.7219618928561,1
0.5,30000,150.0,839.8062842982,816.443440026277,1
0.5,30100,150.5,843.146172776888,819.164918159698,1
0.5,30200,151.0,847.304384320013,821.8863962931189,1
0.5,30300,151.5,850.881644408232,824.6078744265399,1
0.5,30400,152.0,855.213450865798,827.3293525599607,1
0.5,30500,152.5,859.89940737004,830.0508306933816,1
0.5,30600,153.0,863.047880988286,832.7723088268026,1
0.5,30700,153.5,866.901366835593,835.4937869602235,1
0.5,30800,154.0,871.22013467794,838.2152650936445,1
0.5,30900,154.5,874.590275109795,840.9367432270653,1
0.5,31000,155.0,876.155208917152,843.6582213604863,1
0.5,31100,155.5,880.31375130567,846.3796994939072,1
0.5,31200,156.0,883.308682412217,849.1011776273281,1
0.5,31300,156.5,885.663542703231,851.8226557607491,1
0.5,31400,157.0,888.590781346916,854.5441338941699,1
0.5,31500,157.5,890.668419779276,857.2656120275909,1
0.5,31600,158.0,894.895916830463,859.9870901610118,1
0.5,31700,158.5,895.529536730796,862.7085682944328,1
0.5,31800,159.0,897.358818651972,865.4300464278537,1
0.5,31900,159.5,897.965883362881,868.1515245612746,1
0.5,32000,160.0,899.408966821459,870.8730026946955,1
0.5,32100,160.5,902.903697175389,873.5944808281164,1
0.5,32200,161.0,905.132244492638,876.3159589615374,1
0.5,32300,161.5,907.438764913055,879.0374370949582,1
0.5,32400,162.0,910.761596736053,881.7589152283792,1
0.5,32500,162.5,911.182628616374,884.4803933618001,1
0.5,32600,163.0,913.89398861262,887.2018714952211,1
0.5,32700,163.5,916.758320861923,889.923349628642,1
0.5,32800,164.0,919.143094669521,892.644827762063,1
0.5,32900,164.5,920.947113590377,895.3663058954838,1
0.5,33000,165.0,921.016729541413,898.0877840289047,1
0.5,33100,165.5,924.939726035223,900.8092621623257,1
0.5,33200,166.0,928.034092647156,903.5307402957466,1
0.5,33300,166.5,930.322728720396,906.2522184291676,1
0.5,33400,167.0,930.258884458219,908.9736965625884,1
0.5,33500,167.5,931.152828874186,911.6951746960094,1
0.5,33600,168.0,932.209673065145,914.4166528294303,1
0.5,33700,168.5,934.472622161148,917.1381309628512,1
0.5,33800,169.0,935.083815727556,919.8596090962722,1
0.5,33900,169.5,937.279773923078,922.581087229693,1
0.5,34000,170.0,941.07639527123,925.302565363114,1
0.5,34100,170.5,943.628878440743,928.0240434965349,1
0.5,34200,171.0,945.871461176668,930.7455216299559,1
0.5,34300,171.5,948.730487201378,933.4669997633767,1
0.5,34400,172.0,951.454003780993,936.1884778967976,1
0.5,34500,172.5,956.334801166859,938.9099560302186,1
0.5,34600,173.0,961.315558779491,941.6314341636395,1
0.5,34700,173.5,962.529400079433,944.3529122970605,1
0.5,34800,174.0,962.143505511228,947.0743904304813,1
0.5,34900,174.5,960.697697192729,949.7958685639023,1
0.5,35000,175.0,962.315532681148,952.5173466973232,1
0.5,35100,175.5,963.323720254522,955.2388248307442,1
0.5,35200,176.0,965.807412611205,957.9603029641651,1
0.5,35300,176.5,968.086620182428,960.6817810975859,1
0.5,35400,177.0,970.679170210785,963.4032592310069,1
0.5,35500,177.5,973.60862664016,966.1247373644278,1
0.5,35600,178.0,975.622260417028,968.8462154978488,1
0.5,35700,178.5,979.849317271984,971.5676936312697,1
0.5,35800,179.0,984.203389484179,974.2891717646906,1
0.5,35900,179.5,990.139109619494,977.0106498981115,1
0.5,36000,180.0,992.58658079765,979.7321280315325,1
0.5,36100,180.5,995.130943953659,982.4536061649534,1
0.5,36200,181.0,992.758603248203,985.1750842983743,1
0.5,36300,181.5,991.005401628739,987.8965624317952,1
0.5,36400,182.0,993.084907634591,990.6180405652161,1
0.5,36500,182.5,997.132633701781,993.3395186986371,1
0.5,36600,183.0,999.431545920528,996.060996832058,1
0.5,36700,183.5,1000.14268906006,998.782474965479,1
0.5,36800,184.0,1000.77399667703,1001.5039530988998,1
0.5,36900,184.5,1003.20954931771,1004.2254312323207,1
0.5,37000,185.0,1006.12042278432,1006.9469093657417,1
0.5,37100,185.5,1009.59902966681,1009.6683874991626,1
0.5,37200,186.0,1014.10628291092,1012.3898656325836,1
0.5,37300,186.5,1017.96439622715,1015.1113437660044,1
0.5,37400,187.0,1019.69333509708,1017.8328218994254,1
0.5,37500,187.5,1019.96475091457,1020.5543000328463,1
0.5,37600,188.0,1023.91551479673,1023.2757781662672,1
0.5,37700,188.5,1027.18411453589,1025.9972562996882,1
0.5,37800,189.0,1028.23237351745,1028.7187344331091,1
0.5,37900,189.5,1028.00826003049,1031.44021256653,1
0.5,38000,190.0,1028.61278010595,1034.161690699951,1
0.5,38100,190.5,1026.52359064726,1036.8831688333719,1
0.5,38200,191.0,1023.70745296661,1039.6046469667929,1
0.5,38300,191.5,1024.46030024845,1042.3261251002136,1
0.5,38400,192.0,1025.11820276046,1045.0476032336346,1
0.5,38500,192.5,1026.27161626214,1047.7690813670556,1
0.5,38600,193.0,1027.08704424584,1050.4905595004764,1
0.5,38700,193.5,1029.23444364963,1053.2120376338974,1
0.5,38800,194.0,1032.62893742076,1055.9335157673183,1
0.5,38900,194.5,1034.50978331198,1058.6549939007393,1
0.5,39000,195.0,1036.3614526502,1061.37647203416,1
0.5,39100,195.5,1040.3140296475,1064.097950167581,1
0.5,39200,196.0,1042.7635053709,1066.819428301002,1
0.5,39300,196.5,1044.46517929308,1069.5409064344228,1
0.5,39400,197.0,1046.88848068043,1072.2623845678438,1
0.5,39500,197.5,1050.52360740176,1074.9838627012648,1
0.5,39600,198.0,1055.66681443792,1077.7053408346858,1
0.5,39700,198.5,1058.80329095067,1080.4268189681065,1
0.5,39800,199.0,1063.18095016434,1083.1482971015275,1
0.5,39900,199.5,1067.62324586779,1085.8697752349485,1
0.5,40000,200.0,1071.27694729717,1088.5912533683695,1
0.5,40100,200.5,1074.62919580741,1091.3127315017903,1
0.5,40200,201.0,1076.26579931235,1094.0342096352113,1
0.5,40300,201.5,1079.85377435172,1096.7556877686322,1
0.5,40400,202.0,1082.01478759441,1099.477165902053,1
0.5,40500,202.5,1085.03853499657,1102.198644035474,1
0.5,40600,203.0,1085.68071100231,1104.920122168895,1
0.5,40700,203.5,1090.02812606521,1107.641600302316,1
0.5,40800,204.0,1091.73081260516,1110.3630784357367,1
0.5,40900,204.5,1093.35688493685,1113.0845565691577,1
0.5,41000,205.0,1095.46267347041,1115.8060347025787,1
0.5,41100,205.5,1100.2391484097,1118.5275128359995,1
0.5,41200,206.0,1104.75310818308,1121.2489909694204,1
0.5,41300,206.5,1106.08498567995,1123.9704691028414,1
0.5,41400,207.0,1106.02546754574,1126.6919472362624,1
0.5,41500,207.5,1106.64090143836,1129.4134253696832,1
0.5,41600,208.0,1108.03814933056,1132.1349035031042,1
0.5,41700,208.5,1109.79146879859,1134.8563816365252,1
0.5,41800,209.0,1108.88878988789,1137.577859769946,1
0.5,41900,209.5,1110.82423017212,1140.299337903367,1
0.5,42000,210.0,1113.25013235037,1143.020816036788,1
0.5,42100,210.5,1114.83117580714,1145.7422941702089,1
0.5,42200,211.0,1119.31439738418,1148.4637723036296,1
0.5,42300,211.5,1122.37281823728,1151.1852504370506,1
0.5,42400,212.0,1127.58951985491,1153.9067285704716,1
0.5,42500,212.5,1133.18776693235,1156.6282067038924,1
0.5,42600,213.0,1136.98742838209,1159.3496848373134,1
0.5,42700,213.5,1138.57927174699,1162.0711629707343,1
0.5,42800,214.0,1141.06406545897,1164.7926411041553,1
0.5,42900,214.5,1145.47893603043,1167.514119237576,1
0.5,43000,215.0,1151.16121358776,1170.235597370997,1
0.5,43100,215.5,1156.97789608713,1172.957075504418,1
0.5,43200,216.0,1158.35391383367,1175.6785536378388,1
0.5,43300,216.5,1157.30141676389,1178.4000317712598,1
0.5,43400,217.0,1158.857293732,1181.1215099046808,1
0.5,43500,217.5,1161.48587264551,1183.8429880381018,1
0.5,43600,218.0,1164.25812630544,1186.5644661715226,1
0.5,43700,218.5,1169.35983067696,1189.2859443049435,1
0.5,43800,219.0,1174.04435143908,1192.0074224383645,1
0.5,43900,219.5,1178.25868890899,1194.7289005717855,1
0.5,44000,220.0,1180.53010556463,1197.4503787052063,1
0.5,44100,220.5,1184.20465385058,1200.1718568386273,1
0.5,44200,221.0,1188.7823026431,1202.8933349720483,1
0.5,44300,221.5,1193.47181547921,1205.614813105469,1
0.5,44400,222.0,1196.78071073026,1208.33629123889,1
0.5,44500,222.5,1200.38312614465,1211.057769372311,1
0.5,44600,223.0,1203.14884490339,1213.779247505732,1
0.5,44700,223.5,1205.48882968172,1216.5007256391527,1
0.5,44800,224.0,1208.67220126759,1219.2222037725737,1
0.5,44900,224.5,1212.53510453674,1221.9436819059947,1
0.5,45000,225.0,1215.46261202849,1224.6651600394155,1
0.5,45100,225.5,1217.38607858307,1227.3866381728365,1
0.5,45200,226.0,1221.90237931787,1230.1081163062574,1
0.5,45300,226.5,1224.35796938986,1232.8295944396784,1
0.5,45400,227.0,1224.70470087268,1235.5510725730992,1
0.5,45500,227.5,1225.1028242618,1238.2725507065202,1
0.5,45600,228.0,1226.01494087132,1240.9940288399412,1
0.5,45700,228.5,1229.9135007813,1243.715506973362,1
0.5,45800,229.0,1233.04676597417,1246.436985106783,1
0.5,45900,229.5,1232.97395546794,1249.158463240204,1
0.5,46000,230.0,1234.57161689964,1251.879941373625,1
0.5,46100,230.5,1237.85534350194,1254.6014195070456,1
0.5,46200,231.0,1239.50054935009,1257.3228976404666,1
0.5,46300,231.5,1242.55735623175,1260.0443757738876,1
0.5,46400,232.0,1246.53751875268,1262.7658539073086,1
0.5,46500,232.5,1250.02024138756,1265.4873320407294,1
0.5,46600,233.0,1251.4572805713,1268.2088101741504,1
0.5,46700,233.5,1254.75698132893,1270.9302883075713,1
0.5,46800,234.0,1259.30502709807,1273.651766440992,1
0.5,46900,234.5,1259.42684623594,1276.373244574413,1
0.5,47000,235.0,1258.96471144656,1279.094722707834,1
0.5,47100,235.5,1260.12509393741,1281.816200841255,1
0.5,47200,236.0,1264.28328909431,1284.5376789746758,1
0.5,47300,236.5,1266.03243700355,1287.2591571080968,1
0.5,47400,237.0,1267.0884234522,1289.9806352415178,1
0.5,47500,237.5,1270.01786292846,1292.7021133749386,1
0.5,47600,238.0,1273.11518969407,1295.4235915083596,1
0.5,47700,238.5,1274.81712041083,1298.1450696417805,1
0.5,47800,239.0,1275.95765753865,1300.8665477752015,1
0.5,47900,239.5,1279.5520500792,1303.5880259086223,1
0.5,48000,240.0,1285.15362683701,1306.3095040420433,1
0.5,48100,240.5,1287.63675105525,1309.0309821754643,1
0.5,48200,241.0,1288.59141571427,1311.752460308885,1
0.5,48300,241.5,1294.02008649575,1314.473938442306,1
0.5,48400,242.0,1296.12302042897,1317.195416575727,1
0.5,48500,242.5,1297.0880223021,1319.916894709148,1
0.5,48600,243.0,1299.07253325425,1322.6383728425687,1
0.5,48700,243.5,1301.87779987934,1325.3598509759897,1
0.5,48800,244.0,1300.25138565806,1328.0813291094107,1
0.5,48900,244.5,1301.55415976274,1330.8028072428315,1
0.5,49000,245.0,1304.9789466054,1333.5242853762525,1
0.5,49100,245.5,1307.14114617248,1336.2457635096735,1
0.5,49200,246.0,1308.50979837947,1338.9672416430944,1
0.5,49300,246.5,1309.74971009563,1341.6887197765152,1
0.5,49400,247.0,1310.74649059237,1344.4101979099362,1
0.5,49500,247.5,1311.79827331893,1347.1316760433572,1
0.5,49600,248.0,1312.55852080838,1349.853154176778,1
0.5,49700,248.5,1318.63699297329,1352.574632310199,1
0.5,49800,249.0,1324.92627015671,1355.29611044362,1
0.5,49900,249.5,1329.09916715275,1358.017588577041,1
0.5,50000,250.0,1330.49810193046,1360.7390667104617,1
0.5,50100,250.5,1332.18012922563,1363.4605448438826,1
0.5,50200,251.0,1333.0073497677,1366.1820229773036,1
0.5,50300,251.5,1335.19234742764,1368.9035011107246,1
0.5,50400,252.0,1340.63960539274,1371.6249792441454,1
0.5,50500,252.5,1344.65030651698,1374.3464573775664,1
0.5,50600,253.0,1344.97422707975,1377.0679355109874,1
0.5,50700,253.5,1346.20207027798,1379.7894136444081,1
0.5,50800,254.0,1350.06183277592,1382.510891777829,1
0.5,50900,254.5,1355.26006215094,1385.23236991125,1
0.5,51000,255.0,1360.24075048586,1387.953848044671,1
0.5,51100,255.5,1364.45134408714,1390.6753261780918,1
0.5,51200,256.0,1368.10258512088,1393.3968043115128,1
0.5,51300,256.5,1369.55199187598,1396.1182824449338,1
0.5,51400,257.0,1373.26015346742,1398.8397605783546,1
0.5,51500,257.5,1375.60478486211,1401.5612387117756,1
0.5,51600,258.0,1375.34908540128,1404.2827168451965,1
0.5,51700,258.5,1379.16152799119,1407.0041949786175,1
0.5,51800,259.0,1384.72631668374,1409.7256731120383,1
0.5,51900,259.5,1391.18905662915,1412.4471512454593,1
0.5,52000,260.0,1396.03910085798,1415.1686293788803,1
0.5,52100,260.5,1399.57288277422,1417.890107512301,1
0.5,52200,261.0,1405.98301737026,1420.611585645722,1
0.5,52300,261.5,1409.42935047714,1423.333063779143,1
0.5,52400,262.0,1415.09012712502,1426.054541912564,1
0.5,52500,262.5,1421.35477436405,1428.7760200459848,1
0.5,52600,263.0,1424.77053334325,1431.4974981794057,1
0.5,52700,263.5,1425.48257270902,1434.2189763128267,1
0.5,52800,264.0,1425.0481042807,1436.9404544462477,1
0.5,52900,264.5,1426.60040488539,1439.6619325796685,1
0.5,53000,265.0,1432.13295964011,1442.3834107130895,1
0.5,53100,265.5,1435.71660486043,1445.1048888465104,1
0.5,53200,266.0,1438.32872949038,1447.8263669799312,1
0.5,53300,266.5,1440.13452799562,1450.5478451133522,1
0.5,53400,267.0,1441.70072899363,1453.2693232467732,1
0.5,53500,267.5,1443.79133031313,1455.9908013801942,1
0.5,53600,268.0,1447.6798590667,1458.712279513615,1
0.5,53700,268.5,1449.89159438161,1461.433757647036,1
0.5,53800,269.0,1451.98259397461,1464.155235780457,1
0.5,53900,269.5,1452.65315583006,1466.8767139138777,1
0.5,54000,270.0,1452.90924065413,1469.5981920472987,1
0.5,54100,270.5,1453.75259373145,1472.3196701807196,1
0.5,54200,271.0,1455.40366679054,1475.0411483141406,1
0.5,54300,271.5,1456.41007773501,1477.7626264475614,1
0.5,54400,272.0,1459.25096188107,1480.4841045809824,1
0.5,54500,272.5,1463.69845257249,1483.2055827144034,1
0.5,54600,273.0,1466.7866557409,1485.9270608478241,1
0.5,54700,273.5,1468.29238212216,1488.648538981245,1
0.5,54800,274.0,1470.34996475681,1491.370017114666,1
0.5,54900,274.5,1474.96008947808,1494.091495248087,1
0.5,55000,275.0,1478.98671683829,1496.8129733815078,1
0.5,55100,275.5,1482.48458252718,1499.5344515149288,1
0.5,55200,276.0,1485.69134325948,1502.2559296483498,1
0.5,55300,276.5,1488.79326195708,1504.9774077817706,1
0.5,55400,277.0,1489.9624904618,1507.6988859151916,1
0.5,55500,277.5,1492.89180827212,1510.4203640486126,1
0.5,55600,278.0,1496.03096088431,1513.1418421820335,1
0.5,55700,278.5,1498.74957704061,1515.8633203154543,1
0.5,55800,279.0,1499.16084202503,1518.5847984488753,1
0.5,55900,279.5,1500.85147029493,1521.3062765822963,1
0.5,56000,280.0,1502.0640687035,1524.027754715717,1
0.5,56100,280.5,1505.92467926767,1526.749232849138,1
0.5,56200,281.0,1508.42520901991,1529.470710982559,1
0.5,56300,281.5,1509.2974808179,1532.19218911598,1
0.5,56400,282.0,1511.53784748678,1534.9136672494008,1
0.5,56500,282.5,1516.09900259099,1537.6351453828217,1
0.5,56600,283.0,1516.71529352673,1540.3566235162427,1
0.5,56700,283.5,1519.4043339605,1543.0781016496637,1
0.5,56800,284.0,1521.86927391056,1545.7995797830845,1
0.5,56900,284.5,1523.43048027636,1548.5210579165055,1
0.5,57000,285.0,1527.04562235923,1551.2425360499265,1
0.5,57100,285.5,1531.40051084101,1553.9640141833472,1
0.5,57200,286.0,1536.7780083844,1556.6854923167682,1
0.5,57300,286.5,1542.48517748347,1559.4069704501892,1
0.5,57400,287.0,1546.05793520855,1562.1284485836102,1
0.5,57500,287.5,1549.42481237066,1564.849926717031,1
0.5,57600,288.0,1557.20489512669,1567.571404850452,1
0.5,57700,288.5,1563.03152727298,1570.292882983873,1
0.5,57800,289.0,1564.79404965477,1573.0143611172937,1
0.5,57900,289.5,1568.28758857508,1575.7358392507147,1
0.5,58000,290.0,1570.93111548938,1578.4573173841356,1
0.5,58100,290.5,1577.28649349519,1581.1787955175566,1
0.5,58200,291.0,1580.18358633422,1583.9002736509774,1
0.5,58300,291.5,1583.59583802735,1586.6217517843984,1
0.5,58400,292.0,1588.29380665212,1589.3432299178194,1
0.5,58500,292.5,1589.79353710119,1592.0647080512401,1
0.5,58600,293.0,1591.92197910263,1594.7861861846611,1
0.5,58700,293.5,1594.33941110529,1597.507664318082,1
0.5,58800,294.0,1598.37295037724,1600.229142451503,1
0.5,58900,294.5,1602.49946323727,1602.9506205849239,1
0.5,59000,295.0,1606.5748270662,1605.6720987183448,1
0.5,59100,295.5,1606.14338241997,1608.3935768517658,1
0.5,59200,296.0,1610.72301100136,1611.1150549851868,1
0.5,59300,296.5,1611.94830981136,1613.8365331186076,1
0.5,59400,297.0,1614.63516783547,1616.5580112520286,1
0.5,59500,297.5,1620.1116791839,1619.2794893854496,1
0.5,59600,298.0,1623.61829394904,1622.0009675188703,1
0.5,59700,298.5,1625.90572051745,1624.7224456522913,1
0.5,59800,299.0,1626.77065009798,1627.4439237857123,1
0.5,59900,299.5,1629.2901420614,1630.1654019191333,1
0.5,60000,300.0,1633.29396397003,1632.886880052554,1
0.5,60100,300.5,1636.23426642613,1635.608358185975,1
0.5,60200,301.0,1639.74565808489,1638.329836319396,1
0.5,60300,301.5,1644.18215075991,1641.0513144528168,1
0.5,60400,302.0,1649.06472314643,1643.7727925862378,1
0.5,60500,302.5,1655.53223562382,1646.4942707196587,1
0.5,60600,303.0,1659.26293219397,1649.2157488530797,1
0.5,60700,303.5,1660.81242945089,1651.9372269865005,1
0.5,60800,304.0,1665.18800762422,1654.6587051199215,1
0.5,60900,304.5,1669.96320765876,1657.3801832533425,1
0.5,61000,305.0,1673.15882600919,1660.1016613867632,1
0.5,61100,305.5,1674.89425691697,1662.8231395201842,1
0.5,61200,306.0,1673.5980199627,1665.5446176536052,1
0.5,61300,306.5,1671.90150855419,1668.2660957870262,1
0.5,61400,307.0,1670.57197325147,1670.987573920447,1
0.5,61500,307.5,1671.76247871316,1673.709052053868,1
0.5,61600,308.0,1672.76252915625,1676.430530187289,1
0.5,61700,308.5,1674.39625610624,1679.1520083207097,1
0.5,61800,309.0,1678.07349601516,1681.8734864541307,1
0.5,61900,309.5,1680.52117524637,1684.5949645875517,1
0.5,62000,310.0,1682.18705421091,1687.3164427209726,1
0.5,62100,310.5,1688.21482660259,1690.0379208543934,1
0.5,62200,311.0,1692.37261260135,1692.7593989878144,1
0.5,62300,311.5,1696.04293262975,1695.4808771212354,1
0.5,62400,312.0,1696.68453159442,1698.2023552546561,1
0.5,62500,312.5,1699.91333227555,1700.9238333880771,1
0.5,62600,313.0,1703.03337756097,1703.6453115214981,1
0.5,62700,313.5,1702.52603400079,1706.366789654919,1
0.5,62800,314.0,1703.59507582569,1709.0882677883399,1
0.5,62900,314.5,1703.15810208636,1711.8097459217609,1
0.5,63000,315.0,1701.92718343767,1714.5312240551818,1
0.5,63100,315.5,1702.54590805383,1717.2527021886028,1
0.5,63200,316.0,1705.21934476524,1719.9741803220236,1
0.5,63300,316.5,1707.0978027788,1722.6956584554446,1
0.5,63400,317.0,1707.67913195588,1725.4171365888656,1
0.5,63500,317.5,1710.79252756132,1728.1386147222863,1
0.5,63600,318.0,1713.03109935419,1730.8600928557073,1
0.5,63700,318.5,1718.89618487437,1733.5815709891283,1
0.5,63800,319.0,1722.60607172648,1736.3030491225493,1
0.5,63900,319.5,1725.14090131029,1739.02452725597,1
0.5,64000,320.0,1730.48318515905,1741.746005389391,1
0.5,64100,320.5,1735.75547168875,1744.467483522812,1
0.5,64200,321.0,1739.50569846705,1747.1889616562328,1
0.5,64300,321.5,1740.7494821535,1749.9104397896538,1
0.5,64400,322.0,1746.73442999594,1752.6319179230748,1
0.5,64500,322.5,1751.15199553787,1755.3533960564957,1
0.5,64600,323.0,1754.03014894059,1758.0748741899165,1
0.5,64700,323.5,1756.04542094904,1760.7963523233375,1
0.5,64800,324.0,1756.02815760618,1763.5178304567585,1
0.5,64900,324.5,1755.77508746076,1766.2393085901792,1
0.5,65000,325.0,1757.18768528847,1768.9607867236002,1
0.5,65100,325.5,1757.12327625094,1771.6822648570212,1
0.5,65200,326.0,1759.91583184112,1774.4037429904422,1
0.5,65300,326.5,1762.4125963662,1777.125221123863,1
0.5,65400,327.0,1767.48276524164,1779.846699257284,1
0.5,65500,327.5,1768.36360548883,1782.568177390705,1
0.5,65600,328.0,1764.9178336036,1785.289655524126,1
0.5,65700,328.5,1767.30806563064,1788.0111336575467,1
0.5,65800,329.0,1771.09527512618,1790.7326117909677,1
0.5,65900,329.5,1773.54817851534,1793.4540899243887,1
0.5,66000,330.0,1776.78209303338,1796.1755680578094,1
0.5,66100,330.5,1779.70847208345,1798.8970461912304,1
0.5,66200,331.0,1780.62303588747,1801.6185243246514,1
0.5,66300,331.5,1781.96171941247,1804.3400024580724,1
0.5,66400,332.0,1785.63544062068,1807.0614805914931,1
0.5,66500,332.5,1790.86900492577,1809.7829587249141,1
0.5,66600,333.0,1795.24237297282,1812.504436858335,1
0.5,66700,333.5,1800.04632251917,1815.2259149917559,1
0.5,66800,334.0,1805.27852358276,1817.9473931251769,1
0.5,66900,334.5,1809.03153687957,1820.6688712585978,1
0.5,67000,335.0,1808.82465672311,1823.3903493920188,1
0.5,67100,335.5,1812.22061423982,1826.1118275254396,1
0.5,67200,336.0,1815.07299226992,1828.8333056588606,1
0.5,67300,336.5,1818.86503413995,1831.5547837922816,1
0.5,67400,337.0,1820.3384712789,1834.2762619257023,1
0.5,67500,337.5,1822.21121359686,1836.9977400591233,1
0.5,67600,338.0,1823.59381731262,1839.7192181925443,1
0.5,67700,338.5,1825.49872744783,1842.4406963259653,1
0.5,67800,339.0,1830.62758819696,1845.162174459386,1
0.5,67900,339.5,1833.57255544126,1847.883652592807,1
0.5,68000,340.0,1837.71079728082,1850.605130726228,1
0.5,68100,340.5,1839.2074226098,1853.3266088596488,1
0.5,68200,341.0,1843.05936787968,1856.0480869930698,1
0.5,68300,341.5,1845.61280343395,1858.7695651264908,1
0.5,68400,342.0,1847.05906277815,1861.4910432599117,1
0.5,68500,342.5,1853.00402102496,1864.2125213933325,1
0.5,68600,343.0,1858.10982476125,1866.9339995267535,1
0.5,68700,343.5,1858.25668768093,1869.6554776601745,1
0.5,68800,344.0,1856.79455496156,1872.3769557935952,1
0.5,68900,344.5,1859.03873238286,1875.0984339270162,1
0.5,69000,345.0,1863.69508109238,1877.8199120604372,1
0.5,69100,345.5,1870.15979433521,1880.5413901938582,1
0.5,69200,346.0,1870.66738352592,1883.262868327279,1
0.5,69300,346.5,1871.83819089563,1885.9843464607,1
0.5,69400,347.0,1878.25873918631,1888.705824594121,1
0.5,69500,347.5,1884.81068187006,1891.427302727542,1
0.5,69600,348.0,1887.91091974091,1894.1487808609627,1
0.5,69700,348.5,1894.01981204349,1896.8702589943837,1
0.5,69800,349.0,1898.82519722609,1899.5917371278047,1
0.5,69900,349.5,1902.8642009513,1902.3132152612254,1
0.5,70000,350.0,1906.89643085401,1905.0346933946464,1
0.5,70100,350.5,1911.75636435899,1907.7561715280674,1
0.5,70200,351.0,1912.05365251658,1910.4776496614884,1
0.5,70300,351.5,1918.14090882767,1913.1991277949091,1
0.5,70400,352.0,1923.00596869002,1915.9206059283301,1
0.5,70500,352.5,1928.47685922258,1918.6420840617511,1
0.5,70600,353.0,1931.66764589363,1921.3635621951719,1
0.5,70700,353.5,1934.0467781396,1924.0850403285929,1
0.5,70800,354.0,1936.03541659269,1926.8065184620139,1
0.5,70900,354.5,1937.96026180245,1929.5279965954348,1
0.5,71000,355.0,1938.75839022394,1932.2494747288556,1
0.5,71100,355.5,1939.68981375838,1934.9709528622766,1
0.5,71200,356.0,1938.1892644276,1937.6924309956976,1
0.5,71300,356.5,1937.93562215277,1940.4139091291183,1
0.5,71400,357.0,1940.7461599387,1943.1353872625393,1
0.5,71500,357.5,1944.43896541965,1945.8568653959603,1
0.5,71600,358.0,1946.81580210803,1948.5783435293813,1
0.5,71700,358.5,1952.1870966194,1951.299821662802,1
0.5,71800,359.0,1959.14549589902,1954.021299796223,1
0.5,71900,359.5,1964.33734252246,1956.742777929644,1
0.5,72000,360.0,1967.6404158737,1959.464256063065,1
0.5,72100,360.5,1967.96106677331,1962.1857341964858,1
0.5,72200,361.0,1972.50411967914,1964.9072123299068,1
0.5,72300,361.5,1974.82069456254,1967.6286904633278,1
0.5,72400,362.0,1973.57789237431,1970.3501685967485,1
0.5,72500,362.5,1974.48639760015,1973.0716467301695,1
0.5,72600,363.0,1976.71398045898,1975.7931248635905,1
0.5,72700,363.5,1978.42973335165,1978.5146029970115,1
0.5,72800,364.0,1981.69987693422,1981.2360811304322,1
0.5,72900,364.5,1981.05987809249,1983.9575592638532,1
0.5,73000,365.0,1985.42648323395,1986.6790373972742,1
0.5,73100,365.5,1987.25480643435,1989.400515530695,1
0.5,73200,366.0,1987.19937820233,1992.121993664116,1
0.5,73300,366.5,1986.34225703206,1994.843471797537,1
0.5,73400,367.0,1982.48395002397,1997.564949930958,1
0.5,73500,367.5,1977.54731221463,2000.2864280643787,1
0.5,73600,368.0,1975.90540566924,2003.0079061977997,1
0.5,73700,368.5,1977.24703569706,2005.7293843312207,1
0.5,73800,369.0,1976.87535835754,2008.4508624646414,1
0.5,73900,369.5,1979.02934519307,2011.1723405980624,1
0.5,74000,370.0,1981.73906521041,2013.8938187314834,1
0.5,74100,370.5,1986.37916198393,2016.6152968649044,1
0.5,74200,371.0,1992.06096740841,2019.3367749983252,1
0.5,74300,371.5,1995.35745732447,2022.0582531317461,1
0.5,74400,372.0,1994.09244793477,2024.7797312651671,1
0.5,74500,372.5,1996.06431943919,2027.501209398588,1
0.5,74600,373.0,1999.68620660131,2030.2226875320089,1
0.5,74700,373.5,2004.43006633332,2032.9441656654299,1
0.5,74800,374.0,2005.85863971028,2035.6656437988509,1
0.5,74900,374.5,2007.76373405176,2038.3871219322716,1
0.5,75000,375.0,2010.91517042601,2041.1086000656926,1
0.5,75100,375.5,2012.21794412993,2043.8300781991136,1
0.5,75200,376.0,2017.27108401968,2046.5515563325343,1
0.5,75300,376.5,2023.66077007262,2049.2730344659553,1
0.5,75400,377.0,2029.60020018617,2051.9945125993763,1
0.5,75500,377.5,2035.58841428105,2054.7159907327973,1
0.5,75600,378.0,2035.50731434822,2057.4374688662183,1
0.5,75700,378.5,2035.70532948004,2060.1589469996393,1
0.5,75800,379.0,2036.12686447589,2062.88042513306,1
0.5,75900,379.5,2041.15772605937,2065.601903266481,1
0.5,76000,380.0,2046.46978159828,2068.323381399902,1
0.5,76100,380.5,2051.95434428193,2071.044859533323,1
0.5,76200,381.0,2055.87230838639,2073.7663376667438,1
0.5,76300,381.5,2055.1448202627,2076.4878158001648,1
0.5,76400,382.0,2058.07673739638,2079.2092939335857,1
0.5,76500,382.5,2063.4347540607,2081.9307720670063,1
0.5,76600,383.0,2069.45758724257,2084.6522502004273,1
0.5,76700,383.5,2074.48069882388,2087.3737283338482,1
0.5,76800,384.0,2080.66212050895,2090.0952064672692,1
0.5,76900,384.5,2085.00263425475,2092.81668460069,1
0.5,77000,385.0,2085.33581601598,2095.538162734111,1
0.5,77100,385.5,2085.97566856049,2098.259640867532,1
0.5,77200,386.0,2084.17251943266,2100.9811190009527,1
0.5,77300,386.5,2091.69601003685,2103.7025971343737,1
0.5,77400,387.0,2100.42331605965,2106.4240752677947,1
0.5,77500,387.5,2105.24487545941,2109.1455534012157,1
0.5,77600,388.0,2105.62643948963,2111.8670315346367,1
0.5,77700,388.5,2108.57304024449,2114.5885096680577,1
0.5,77800,389.0,2110.32622065481,2117.3099878014787,1
0.5,77900,389.5,2110.48690393991,2120.031465934899,1
0.5,78000,390.0,2115.2885510301,2122.75294406832,1
0.5,78100,390.5,2117.60073876939,2125.474422201741,1
0.5,78200,391.0,2120.15493152686,2128.195900335162,1
0.5,78300,391.5,2122.06928601246,2130.917378468583,1
0.5,78400,392.0,2128.35819088671,2133.638856602004,1
0.5,78500,392.5,2134.9602244129,2136.360334735425,1
0.5,78600,393.0,2142.23348839853,2139.0818128688456,1
0.5,78700,393.5,2148.53792982956,2141.8032910022666,1
0.5,78800,394.0,2153.27218046395,2144.5247691356876,1
0.5,78900,394.5,2154.82349389118,2147.2462472691086,1
0.5,79000,395.0,2157.6207832343,2149.9677254025296,1
0.5,79100,395.5,2163.80214412548,2152.6892035359506,1
0.5,79200,396.0,2165.85271458427,2155.4106816693716,1
0.5,79300,396.5,2165.62280638331,2158.132159802792,1
0.5,79400,397.0,2162.32304198119,2160.853637936213,1
0.5,79500,397.5,2164.41071151751,2163.575116069634,1
0.5,79600,398.0,2167.10483003246,2166.296594203055,1
0.5,79700,398.5,2171.5808652669,2169.018072336476,1
0.5,79800,399.0,2175.87011149913,2171.739550469897,1
0.5,79900,399.5,2178.44990410795,2174.461028603318,1
0.5,80000,400.0,2178.30973634895,2177.182506736739,1
0.5,80100,400.5,2181.18666853448,2179.9039848701595,1
0.5,80200,401.0,2180.45172254886,2182.6254630035805,1
0.5,80300,401.5,2179.46983268406,2185.3469411370015,1
0.5,80400,402.0,2180.51731480027,2188.0684192704225,1
0.5,80500,402.5,2183.56072030865,2190.7898974038435,1
0.5,80600,403.0,2188.10008680825,2193.5113755372645,1
0.5,80700,403.5,2191.52617966615,2196.2328536706855,1
0.5,80800,404.0,2197.38761630337,2198.954331804106,1
0.5,80900,404.5,2200.4783231937,2201.675809937527,1
0.5,81000,405.0,2204.18596526797,2204.397288070948,1
0.5,81100,405.5,2208.0383715007,2207.118766204369,1
0.5,81200,406.0,2209.84800569418,2209.84024433779,1
0.5,81300,406.5,2210.5697446673,2212.561722471211,1
0.5,81400,407.0,2212.65862199218,2215.283200604632,1
0.5,81500,407.5,2215.9789092033,2218.0046787380525,1
0.5,81600,408.0,2222.38926522682,2220.7261568714734,1
0.5,81700,408.5,2228.79879482011,2223.4476350048944,1
0.5,81800,409.0,2232.53029583791,2226.1691131383154,1
0.5,81900,409.5,2232.52429417406,2228.8905912717364,1
0.5,82000,410.0,2236.16183805601,2231.6120694051574,1
0.5,82100,410.5,2240.23444638962,2234.3335475385784,1
0.5,82200,411.0,2245.17361655194,2237.055025671999,1
0.5,82300,411.5,2246.81916071623,2239.77650380542,1
0.5,82400,412.0,2248.33265852288,2242.497981938841,1
0.5,82500,412.5,2248.43654480617,2245.219460072262,1
0.5,82600,413.0,2249.61179435871,2247.940938205683,1
0.5,82700,413.5,2249.95720085886,2250.662416339104,1
0.5,82800,414.0,2253.9317705734,2253.383894472525,1
0.5,82900,414.5,2256.19138507792,2256.1053726059454,1
0.5,83000,415.0,2259.31893081646,2258.8268507393664,1
0.5,83100,415.5,2260.60377333714,2261.5483288727874,1
0.5,83200,416.0,2262.89283399449,2264.2698070062083,1
0.5,83300,416.5,2269.6756691566,2266.9912851396293,1
0.5,83400,417.0,2272.6607396641,2269.7127632730503,1
0.5,83500,417.5,2274.48201893903,2272.4342414064713,1
0.5,83600,418.0,2274.11534160626,2275.155719539892,1
0.5,83700,418.5,2274.50799079562,2277.877197673313,1
0.5,83800,419.0,2275.0676916255,2280.598675806734,1
0.5,83900,419.5,2277.52954466368,2283.320153940155,1
0.5,84000,420.0,2282.10932381796,2286.041632073576,1
0.5,84100,420.5,2289.61585401314,2288.7631102069968,1
0.5,84200,421.0,2293.02012534264,2291.4845883404178,1
0.5,84300,421.5,2299.2948900204,2294.2060664738383,1
0.5,84400,422.0,2305.48551882402,2296.9275446072593,1
0.5,84500,422.5,2306.97597263527,2299.6490227406803,1
0.5,84600,423.0,2309.38446642304,2302.3705008741013,1
0.5,84700,423.5,2314.75661649464,2305.0919790075222,1
0.5,84800,424.0,2321.06520017968,2307.8134571409432,1
0.5,84900,424.5,2321.74006305571,2310.534935274364,1
0.5,85000,425.0,2321.63859597404,2313.2564134077847,1
0.5,85100,425.5,2325.27990133874,2315.9778915412057,1
0.5,85200,426.0,2329.32189340886,2318.6993696746267,1
0.5,85300,426.5,2334.31262219479,2321.4208478080477,1
0.5,85400,427.0,2340.42191806003,2324.1423259414687,1
0.5,85500,427.5,2346.21888826075,2326.8638040748897,1
0.5,85600,428.0,2353.16763269763,2329.5852822083107,1
0.5,85700,428.5,2358.38022320174,2332.306760341731,1
0.5,85800,429.0,2363.274038881,2335.028238475152,1
0.5,85900,429.5,2368.69431695121,2337.749716608573,1
0.5,86000,430.0,2370.59198714397,2340.471194741994,1
0.5,86100,430.5,2373.06216377915,2343.192672875415,1
0.5,86200,431.0,2373.76421505365,2345.914151008836,1
0.5,86300,431.5,2376.22641822023,2348.635629142257,1
0.5,86400,432.0,2376.93304040352,2351.3571072756777,1
0.5,86500,432.5,2378.43553539272,2354.0785854090987,1
0.5,86600,433.0,2381.64933084717,2356.8000635425196,1
0.5,86700,433.5,2382.64676898233,2359.5215416759406,1
0.5,86800,434.0,2385.84452908471,2362.2430198093616,1
0.5,86900,434.5,2388.53878209246,2364.9644979427826,1
0.5,87000,435.0,2391.14264075078,2367.6859760762036,1
0.5,87100,435.5,2395.38939683109,2370.4074542096246,1
0.5,87200,436.0,2398.23623417317,2373.128932343045,1
0.5,87300,436.5,2402.0324886063,2375.850410476466,1
0.5,87400,437.0,2407.39340454477,2378.571888609887,1
0.5,87500,437.5,2412.12728740653,2381.293366743308,1
0.5,87600,438.0,2414.07716284805,2384.014844876729,1
0.5,87700,438.5,2420.73854394476,2386.73632301015,1
0.5,87800,439.0,2426.68047640169,2389.457801143571,1
0.5,87900,439.5,2430.4489443337,2392.1792792769916,1
0.5,88000,440.0,2430.28959209628,2394.9007574104126,1
0.5,88100,440.5,2432.68541785712,2397.6222355438335,1
0.5,88200,441.0,2433.61928357594,2400.3437136772545,1
0.5,88300,441.5,2436.784503644,2403.0651918106755,1
0.5,88400,442.0,2441.93918104516,2405.7866699440965,1
0.5,88500,442.5,2443.09368176793,2408.5081480775175,1
0.5,88600,443.0,2444.45322031822,2411.229626210938,1
0.5,88700,443.5,2445.07882677938,2413.951104344359,1
0.5,88800,444.0,2445.2174711673,2416.67258247778,1
0.5,88900,444.5,2453.57918711633,2419.394060611201,1
0.5,89000,445.0,2454.53821398232,2422.115538744622,1
0.5,89100,445.5,2453.56477623932,2424.837016878043,1
0.5,89200,446.0,2454.02118225786,2427.558495011464,1
0.5,89300,446.5,2458.65687231401,2430.2799731448845,1
0.5,89400,447.0,2461.23980155942,2433.0014512783055,1
0.5,89500,447.5,2465.75125397376,2435.7229294117265,1
0.5,89600,448.0,2468.59455233136,2438.4444075451474,1
0.5,89700,448.5,2474.53444940634,2441.1658856785684,1
0.5,89800,449.0,2478.91645491461,2443.8873638119894,1
0.5,89900,449.5,2480.7507663128,2446.6088419454104,1
0.5,90000,450.0,2479.94345602542,2449.330320078831,1
0.5,90100,450.5,2482.85587863691,2452.051798212252,0
0.5,90200,451.0,2485.65267921237,2454.773276345673,0
0.5,90300,451.5,2488.20135760796,2457.494754479094,0
0.5,90400,452.0,2494.77116899619,2460.216232612515,0
0.5,90500,452.5,2501.43885142539,2462.937710745936,0
0.5,90600,453.0,2505.17650645097,2465.659188879357,0
0.5,90700,453.5,2510.52204735316,2468.3806670127774,0
0.5,90800,454.0,2514.54159672137,2471.1021451461984,0
0.5,90900,454.5,2517.6373423886,2473.8236232796194,0
0.5,91000,455.0,2524.10060582438,2476.5451014130404,0
0.5,91100,455.5,2531.95155047484,2479.2665795464613,0
0.5,91200,456.0,2539.85496773518,2481.9880576798823,0
0.5,91300,456.5,2545.78706263273,2484.7095358133033,0
0.5,91400,457.0,2553.09517683348,2487.431013946724,0
0.5,91500,457.5,2556.65718321187,2490.152492080145,0
0.5,91600,458.0,2561.44895432455,2492.873970213566,0
0.5,91700,458.5,2570.57828750926,2495.595448346987,0
0.5,91800,459.0,2578.57324404349,2498.316926480408,0
0.5,91900,459.5,2586.17262845654,2501.038404613829,0
0.5,92000,460.0,2593.28710132792,2503.75988274725,0
0.5,92100,460.5,2598.12276556029,2506.4813608806703,0
0.5,92200,461.0,2602.67619624326,2509.2028390140913,0
0.5,92300,461.5,2608.58263671004,2511.9243171475123,0
0.5,92400,462.0,2613.80137874452,2514.6457952809333,0
0.5,92500,462.5,2621.52502512754,2517.3672734143543,0
0.5,92600,463.0,2629.4393272799,2520.0887515477752,0
0.5,92700,463.5,2634.71445489404,2522.8102296811962,0
0.5,92800,464.0,2633.70499730108,2525.531707814617,0
0.5,92900,464.5,2631.35408509889,2528.2531859480378,0
0.5,93000,465.0,2634.02110195103,2530.9746640814587,0
0.5,93100,465.5,2637.49558723718,2533.6961422148797,0
0.5,93200,466.0,2642.7290982473,2536.4176203483007,0
0.5,93300,466.5,2645.63663073244,2539.1390984817217,0
0.5,93400,467.0,2646.26852604186,2541.8605766151427,0
0.5,93500,467.5,2647.34494676161,2544.5820547485637,0
0.5,93600,468.0,2655.19282665891,2547.303532881984,0
0.5,93700,468.5,2663.67043449688,2550.025011015405,0
0.5,93800,469.0,2665.14912224327,2552.746489148826,0
0.5,93900,469.5,2665.87563709774,2555.467967282247,0
0.5,94000,470.0,2670.06003770292,2558.189445415668,0
0.5,94100,470.5,2673.01289374642,2560.910923549089,0
0.5,94200,471.0,2676.27827133455,2563.63240168251,0
0.5,94300,471.5,2679.71457626472,2566.3538798159307,0
0.5,94400,472.0,2687.06258012537,2569.0753579493517,0
0.5,94500,472.5,2693.43877349708,2571.7968360827726,0
0.5,94600,473.0,2698.13128720434,2574.5183142161936,0
0.5,94700,473.5,2703.41171039319,2577.2397923496146,0
0.5,94800,474.0,2706.8145215257,2579.9612704830356,0
0.5,94900,474.5,2709.075294365,2582.6827486164566,0
0.5,95000,475.0,2710.94063744891,2585.404226749877,0
0.5,95100,475.5,2713.50254011839,2588.125704883298,0
0.5,95200,476.0,2717.09053549657,2590.847183016719,0
0.5,95300,476.5,2717.35794910798,2593.56866115014,0
0.5,95400,477.0,2718.52519837397,2596.290139283561,0
0.5,95500,477.5,2719.57007774697,2599.011617416982,0
0.5,95600,478.0,2721.3347829306,2601.733095550403,0
0.5,95700,478.5,2725.38364848792,2604.4545736838236,0
0.5,95800,479.0,2724.84845713163,2607.1760518172446,0
0.5,95900,479.5,2726.12087446918,2609.8975299506656,0
0.5,96000,480.0,2729.29440675389,2612.6190080840865,0
0.5,96100,480.5,2730.48630464584,2615.3404862175075,0
0.5,96200,481.0,2737.39432090753,2618.0619643509285,0
0.5,96300,481.5,2738.80156388859,2620.7834424843495,0
0.5,96400,482.0,2740.71400443241,2623.50492061777,0
0.5,96500,482.5,2747.70526181367,2626.226398751191,0
0.5,96600,483.0,2755.5213096149,2628.947876884612,0
0.5,96700,483.5,2765.89150318487,2631.669355018033,0
0.5,96800,484.0,2769.560734712,2634.390833151454,0
0.5,96900,484.5,2774.72263513003,2637.112311284875,0
0.5,97000,485.0,2779.50945333732,2639.833789418296,0
0.5,97100,485.5,2782.00580715612,2642.5552675517165,0
0.5,97200,486.0,2783.73356985957,2645.2767456851375,0
0.5,97300,486.5,2782.76239690737,2647.9982238185585,0
0.5,97400,487.0,2780.04940562211,2650.7197019519795,0
0.5,97500,487.5,2778.38108890201,2653.4411800854004,0
0.5,97600,488.0,2777.31030035243,2656.1626582188214,0
0.5,97700,488.5,2775.17331259973,2658.8841363522424,0
0.5,97800,489.0,2776.36505103612,2661.605614485663,0
0.5,97900,489.5,2779.22115345838,2664.327092619084,0
0.5,98000,490.0,2779.37614423361,2667.048570752505,0
0.5,98100,490.5,2781.16244165753,2669.770048885926,0
0.5,98200,491.0,2781.56529269646,2672.491527019347,0
0.5,98300,491.5,2780.51655803248,2675.213005152768,0
0.5,98400,492.0,2781.31804549037,2677.934483286189,0
0.5,98500,492.5,2787.52925383212,2680.6559614196094,0
0.5,98600,493.0,2793.82401864143,2683.3774395530304,0
0.5,98700,493.5,2794.77133890877,2686.0989176864514,0
0.5,98800,494.0,2795.98611886776,2688.8203958198724,0
0.5,98900,494.5,2797.59640103304,2691.5418739532934,0
0.5,99000,495.0,2797.48484876817,2694.2633520867143,0
0.5,99100,495.5,2799.98776743858,2696.9848302201353,0
0.5,99200,496.0,2806.60108524444,2699.706308353556,0
0.5,99300,496.5,2814.41076822381,2702.427786486977,0
0.5,99400,497.0,2821.19133828747,2705.149264620398,0
0.5,99500,497.5,2825.80260394044,2707.870742753819,0
0.5,99600,498.0,2827.91079260757,2710.59222088724,0
0.5,99700,498.5,2828.50882587953,2713.313699020661,0
0.5,99800,499.0,2828.35975131453,2716.035177154082,0
0.5,99900,499.5,2831.05782765986,2718.756655287503,0
0.5,100000,500.0,2831.96732133596,2721.4781334209233,0
